TRAJ,C1-C2,C2-C3,C3-C4,C4-C5,C5-C6,C6-C7,C7-C8,C8-C1,C8-C1-C2,C1-C2-C3,C2-C3-C4,C3-C4-C5,C4-C5-C6,C5-C6-C7,C6-C7-C8,C7-C8-C1,dih H9-C6-C7-H10,dih H11-C8-C1-H12
1,1.551257565043609,1.5439106806705696,1.5316262831538348,1.5271161103512965,1.552445787276702,1.3094876970009863,1.5603608482565285,1.3778988643041585,136.88187123311806,114.5487890918974,117.06502087649461,117.63240413994036,115.15099595003976,126.78322868323922,125.05876950963093,115.59754561525192,3.285798425145507,41.656519701375494
2,1.6246944544366728,1.4237301573120318,1.5916057142321576,1.4150980460422684,1.4924921880292725,1.354035619947069,1.5415074577051262,1.390989378823709,129.1004471346588,113.17329530129616,119.88900879440243,116.61444505180252,117.45824252366079,123.43697953153004,126.13473486411701,120.48850268280226,8.552037162304797,2.9891683763624854
3,1.375905966947454,1.6693114916716147,1.4300113002251011,1.7048970494019915,1.4899605802222338,1.1607052258300634,1.3658533991314457,1.2997530325213529,124.00077779210105,126.5529920655418,110.55566240005106,111.65416540563977,111.46199488716249,131.8366027293201,125.08860746642311,124.99974061470398,9.810597830979379,27.574856325097095
4,1.5397653077307982,1.5668355598470192,1.5998013099241166,1.498411251852427,1.459443339466976,1.4976978178203009,1.512973632876538,1.4026584439510283,123.2174433814378,116.25182817992945,113.54521307574161,121.82143963997297,118.53506701621227,122.58049200691788,127.16385113901954,130.16478209289363,1.033154039330117,1.469874539951858
5,1.4869533274999622,1.496991302622886,1.5318318791243557,1.6399401245299796,1.4326844691059664,1.3806588223364065,1.3950323120507553,1.2689932055229471,122.07907036031023,122.25801295196871,112.63673424941285,109.81657620710362,116.24697528552036,130.20846101909848,123.34447876237672,129.1819107669048,6.1014397390968265,0.48329950548484374
6,1.4695163361369878,1.5052468398582641,1.6104596874768182,1.5306442154290711,1.6260666273359918,1.2314160926642104,1.318607480017414,1.3389347644854817,124.01604158482682,114.70901078639588,118.01621391706928,106.63171212782213,116.51896324844117,132.8745113334733,125.84352702518395,131.04074966127527,13.284844754353651,5.129366151205701
7,1.5948365315763424,1.6404861527026144,1.5157659018342207,1.5430363897987296,1.4875515803541177,1.2280545384209245,1.4482059095798874,1.3839077465376144,127.05967582953194,115.93804234660912,116.97011496972824,120.63328074677848,118.74084846519821,123.9412720790115,134.2352681780466,122.4266587289732,9.764444557379926,17.459975647882477
8,1.5068516853797798,1.5171457028955746,1.524982366721036,1.462863653559231,1.5296432459233262,1.3968650236852633,1.6653172268085923,1.3924703434312011,129.49016515974344,122.17683963303733,111.03279581751835,129.5525573392045,116.88016734928449,126.28042076829335,125.33026977978979,120.865303365226,16.872378501692246,9.97844189043065
9,1.4977327268542726,1.6122186099359324,1.545595900377065,1.6805128550935113,1.3053810883947616,1.5331686761075647,1.5186097448734812,1.3633715750399233,131.48444666741045,116.73692760706291,117.32817243381609,119.389849064107,120.8170575566544,127.7175405556962,123.49629675672671,123.65665504709897,12.595951873545213,13.86536700612293
10,1.4670004811437025,1.5995781092744261,1.4568191946122737,1.584303911141105,1.5046406621288726,1.2950106338301457,1.4492045872307706,1.4445728334079584,130.3798479596027,114.93041556610491,122.11996889752704,115.37965154020405,115.29413800875705,128.00412190520683,125.33145388650098,118.46641487755457,8.570840158726723,17.38594541650457
11,1.4281984706961206,1.6734962585152933,1.5600260444379261,1.6385096249623763,1.532559141931677,1.2992462235814448,1.3985862300655674,1.2306390300949368,115.36016488529977,120.86361771472981,111.95630004475784,111.34665589596752,123.42528138892901,128.63225640455067,121.78906160089822,141.60716700966876,3.8202068263255313,3.745628121944684
12,1.6585925300467392,1.561773100095876,1.617430902217224,1.4785971849334032,1.5062381887385599,1.3019029062934406,1.4541770660374354,1.3266355028484034,120.12206895099335,118.0380057358081,112.56072752986717,120.66597283391688,116.03819599410214,131.7702863325312,125.74169160541341,127.5838688138534,5.9054419073403075,5.053722286518698
13,1.4070506671756873,1.462514158580859,1.5665705049192786,1.3765492730721072,1.584553432878915,1.5949232553649393,1.402062323745165,1.4063714161875651,139.59110083321923,115.39938285273169,124.59543061691609,115.85771568078762,107.56971496963646,126.55404761741138,119.48225742744059,123.01664056052039,11.063404745546753,10.16946847672976
14,1.617684485415633,1.6757303581692637,1.5023604326108764,1.5074730128334555,1.5521950186504256,1.4577359538384884,1.4837384735288326,1.4482435194547498,125.06543044222823,105.62080514102209,126.96113350253664,114.58619976873072,118.76544553697553,120.23724001621517,127.09792405612545,129.66684362699243,5.8420095471701705,3.2584080195494702
15,1.569472014803077,1.5749186750205781,1.5148403437580025,1.524237847132918,1.4904754868871433,1.3076607942625416,1.4913908740321657,1.4278438280822487,129.3065334632884,109.5098458418242,116.49776807582954,111.93951140349486,117.95526490858721,122.56462499595047,130.4609016475681,119.67707620128533,2.845636602887529,11.02215514493419
16,1.4394273145622083,1.4731578864935264,1.5009239384689264,1.617638797153534,1.5967921417336093,1.2978767129542002,1.4552249691065091,1.324352194899711,129.37431960304846,121.60439116951004,113.65007969673998,109.75650483188444,111.84789044739982,126.78936494138475,127.45509759573604,122.54437105762332,1.2656947999618045,7.1966448632626365
17,1.4613136360969088,1.4783438271004534,1.6235299793457463,1.504971577347227,1.5016808559275232,1.4352068584866047,1.4610444803573752,1.3836892613211251,136.7179148561585,116.81044739404064,112.95155405467696,116.83389328637895,115.75913267924085,125.64339372442147,126.25646421741604,115.56502016898163,22.849233107867413,18.10884762901685
18,1.603932085782881,1.6504062642571546,1.4566092913068913,1.629084155551368,1.4488668318354272,1.2573307529814193,1.6350302114605308,1.2831854566183134,127.47141945596543,112.13750136519181,117.81463357678862,112.10704916667265,114.74795940171877,124.52229789321437,126.1874156247091,121.36142656543379,10.994540780424597,11.586721475998033
19,1.4022277710306994,1.5158327555896658,1.4753647337760707,1.6845183101272019,1.4672024373254482,1.4029060701659064,1.379102214128805,1.348090552627272,126.75709781785389,116.42679222430525,109.57108982012237,107.08730410334509,115.17122919424331,123.88098032048549,124.45369347561585,125.05714149107517,12.069353057348755,9.240759166679089
20,1.4082593606295484,1.5361349788278942,1.5639411449336116,1.511940771296403,1.6165373151300955,1.2888443967665815,1.4413287291384305,1.3521183816665145,130.40638200309732,117.18539962988248,114.00922934002797,108.01274588291622,112.47337166245156,123.30514126688593,129.491889752244,125.87746080533722,8.269570203648481,10.874526550382342
21,1.4979917449701126,1.5399070262436925,1.5592894155886472,1.5973829653809988,1.5818081153810333,1.4337218972992936,1.4719422881987043,1.2509768801810444,131.1369140324264,116.9676593385393,112.45636991871352,113.71162925759509,115.04357935752493,120.20313526480871,127.54085596958934,125.90295003118091,14.51175837820472,10.016841604643147
22,1.553796258957919,1.579860186982561,1.6154382514125432,1.3921009866654144,1.6110590325069398,1.410756061387466,1.3577102661509421,1.391212674199314,128.6247235761569,110.8820290369264,117.23655655000961,115.33516061379021,118.92670429146565,125.6095829860712,127.88257028836432,126.39929974171456,17.28644467819732,5.917378222831682
23,1.4677620040915853,1.6370260099829221,1.437418777155595,1.5266362178466633,1.4986635953127798,1.2846047149076982,1.5063656926567217,1.4029129431638339,124.27024757416716,114.96441168208986,113.83978251197446,116.14146648812411,111.47353741172535,126.08820490337054,125.65863540834596,124.80065454876328,7.558769350069695,5.258474930342846
24,1.5370590767713035,1.4440352165669466,1.5413128242673715,1.6519272268587426,1.4938864231592117,1.2648470616653174,1.4420503533482059,1.2623991475548728,121.99056563475862,115.52469607827774,114.88595112408997,104.77081814588395,116.26846807112506,132.07741000458597,120.04106623110494,130.62644252972152,6.808810425772162,4.146002682625425
25,1.6561934035988197,1.543328789017862,1.5622334436520928,1.5889114402924507,1.3976836972992295,1.3219936621280677,1.5539839517487446,1.338385192271729,119.40023115276124,114.06352173370831,118.97285639634681,113.35089471235942,117.83801416631678,120.2058320575796,126.61707397535497,130.7046680816729,2.114771023664722,6.502381414016042
26,1.431283744570931,1.6333927929782843,1.491901100473192,1.5340775868044132,1.4435396026291973,1.4063046680888667,1.539308107884912,1.3622647100315333,130.3216330874099,113.38022985744769,110.32775014071379,116.39102594504197,118.18324654352992,130.18631920784355,117.3778551455332,122.56777140021869,10.024923142962676,11.225685372731267
27,1.447401828516802,1.6715033072918928,1.493407781896458,1.4782766471926934,1.616292866966424,1.3895547886546828,1.4289097426874675,1.3216186409764514,126.3659178524955,119.04925279094228,115.95186102999317,119.99610009556383,116.93272424372164,126.36478621597554,125.75227982516162,129.2397194302021,12.982105663637672,7.674190283580755
28,1.5484693334767548,1.5110048750597995,1.6164400827501944,1.4251763675395084,1.7895591564279518,1.277802562722532,1.4425721919810714,1.2473708297016908,130.7995838631894,107.01271960405437,112.95882504282342,106.36108690542008,111.34902904054863,127.88779066861471,120.75153669222837,128.7404146948723,5.036997863976007,4.285484623899357
29,1.5186748103712522,1.5392740928234676,1.5678253508235047,1.5876386645541274,1.4015881057475554,1.295113656438146,1.5378471149099204,1.4190114818463455,131.35998578017768,111.51522993931573,118.43629865183125,115.1585488996269,119.48248518343794,127.84726152989613,126.58003883089133,117.42519366905078,6.9196598863277865,6.890388740733101
30,1.4479511567026515,1.5602911565828264,1.570769682092003,1.7085807936740525,1.484312150283117,1.1854655943313877,1.4351918913853392,1.1988697553526997,118.44769727770452,127.63291435541973,113.66513884528493,112.15491644887507,113.35258389898095,139.42419241438844,117.00140321944342,140.10106311699334,0.7826116535085191,12.300196817656248
31,1.3923033185794311,1.6013170412979134,1.478736170807712,1.6414505284911116,1.5008068007236706,1.3388812471572573,1.5106658659960983,1.3466697850678573,127.68433050459718,124.69346809572488,114.33101392848904,120.08349583799735,113.3255045825001,125.59673526077617,125.36758018437258,123.44998649060476,0.9243068951265274,9.765949598052549
32,1.4855353993113105,1.488780203656791,1.5970336803994072,1.5707465937357141,1.666981900255867,1.465088875545453,1.368157230314974,1.3494781610773194,122.45695557732444,114.26857424111898,121.96719225296232,107.05821792571702,117.29982007865829,123.46293878933258,122.08534921042794,137.78534953414163,11.594518349415154,19.81309485485727
33,1.5024347540011231,1.5136152753334529,1.4735180279338762,1.6216691386193556,1.4954168399710521,1.3632179009528194,1.4793521121168944,1.383067973250352,129.40689825311023,116.60947677826336,118.82535782406225,113.26573208407838,111.11578820243399,122.0353718192542,128.39052171753434,122.8291101292546,0.09521481115528034,4.256021014557817
34,1.3833357115941574,1.595822567481657,1.5962558247086924,1.6595033196254425,1.5530856871267797,1.3641915696436333,1.4847972048581042,1.4908394566028353,127.86448048148627,118.2873908277031,115.41315449803108,114.19510376659925,119.33375797451431,128.75273819385455,127.04717513800951,119.37124761844132,9.085909930198143,2.568172459446086
35,1.511558125868888,1.4521792967055067,1.6064951977490731,1.6155199833677438,1.5709717709050408,1.186755278993031,1.6452281423608146,1.3767475616299671,130.78677034045901,114.16787282307656,115.25155334641258,109.845018043191,110.96008531111423,124.98789182192749,126.86226126600313,117.86791929116913,12.404564077619636,20.70793182516928
36,1.467759960118543,1.4904369380574773,1.4984199940954943,1.588355921970929,1.5116022362984394,1.3797253188488399,1.3670619993977322,1.2927197693465398,129.16875835230832,117.31356467141285,113.52347162032379,112.70174971568751,114.75913235159686,126.2978679880476,126.04274234125799,125.27572463572554,1.7327160572442024,3.8449716841346904
37,1.4556659736201287,1.5092299850197992,1.6966721989605236,1.642584107112232,1.4483387382518353,1.2898498275871524,1.4582691966842853,1.3102701803441483,129.04640053061246,117.66262980244777,115.01298377208269,103.24677084371636,115.02757400794859,135.1542957119802,122.19603638756647,127.4045722322487,12.414375892668518,19.69249446541707
38,1.5445979637013578,1.5717066885575552,1.4678817900437848,1.6443083024457008,1.5146680349372141,1.222052807940103,1.5048615618756518,1.3696443324221832,118.2846441495307,111.21098554111512,112.33324696880716,112.58826922366117,113.24806355327233,132.6272969448994,122.72129004996982,125.20648175933432,12.151371709051546,19.079303440136364
39,1.5018350858661678,1.5934732221226562,1.5006068264645136,1.4762110125794132,1.6923220395265108,1.1534233314183786,1.459809067354328,1.3063382841444664,132.9420310537653,112.73631942953988,112.95612674665878,110.15111320449681,111.95071804729668,131.91417090206056,123.53787497007036,119.52346144331032,3.2321894604702694,28.77540018285226
40,1.663350463550697,1.5846683370077328,1.6028547461268736,1.4589357315617464,1.5530628044854702,1.4318640130038272,1.597730868899922,1.4042076941559147,124.62274189264072,109.22409768019666,113.92570092516257,120.66039771142749,117.0273583843101,119.13194716647165,129.17848876533924,122.35473309551281,5.793109859234866,10.193399029609786
41,1.5354963946618905,1.6596370897841894,1.48334853346525,1.5026423255005676,1.3756982898437073,1.4965342629020328,1.4566876857347453,1.3629868218359882,127.03787550646544,111.55245896805621,115.25885618429331,121.0087758541901,116.74406005860202,124.63423515693101,122.21950649090321,125.62502006497887,8.247600051670856,5.081600300471563
42,1.396583188659027,1.5608521042989443,1.589250501475239,1.6868748924370702,1.5828510192871252,1.3399959501921803,1.4736226963963814,1.4304432011800565,129.53010142149685,116.91019122185673,115.66688663562223,109.34608808535202,113.09699705474148,125.69089270298569,126.15179281117977,123.74494571807668,4.491546450370595,7.919018650240346
43,1.4410575027539338,1.5745929964549632,1.568901582923044,1.4965859151667684,1.5834718237987204,1.3479454501682557,1.5218892331128813,1.4317922353454264,126.41832038945971,115.41340817208922,115.11705373025248,113.96099367780036,118.2302983556793,127.43099934761757,121.71173530141478,124.31981147341638,4.657129561058742,6.745778894978584
44,1.5491394028108716,1.5334158601197085,1.5341884715104286,1.4998468854524125,1.4991260370752049,1.2766473371536424,1.5379843507723223,1.3468625562006393,133.0515224270561,112.115354230757,118.3521145978337,116.49992026842871,117.97907099353156,124.15284881078453,126.05375531993083,117.5936932448088,0.844386495361858,4.783833699774033
45,1.4702683470040505,1.5914096219727925,1.5028134509943425,1.526872880924854,1.525625518852878,1.4261058111356015,1.4480591037522819,1.3404394954341243,123.38719680982771,117.03300480135488,115.91287590935953,119.70994776500699,116.99952945381186,123.94643620536687,124.11896595440362,125.68581036590459,9.921674404624238,2.2831161194901157
46,1.5661360255672057,1.5383873541905342,1.5186151234818714,1.4862858964137775,1.6654329908256522,1.299379874507425,1.516252933755865,1.3178992081951386,124.89732922532644,116.1131340365586,107.79637955826077,114.08202921250104,112.8118206107991,126.99419955323677,122.740515594022,121.2693531477346,15.128621769113549,1.166053029850488
47,1.5285804868077466,1.4061315879331568,1.488822654141203,1.557369760300671,1.598760701673439,1.363282065684644,1.4257764344750636,1.3841497607989033,131.70072820535822,114.67536344588977,120.55205830385037,111.44466656270654,108.42636549509564,116.90417913218019,129.2540124708732,119.7037425914019,3.4072531940660804,20.34383697622276
48,1.5354132990195015,1.6729590706472677,1.5020666821749933,1.5098091194662728,1.508291490250039,1.377522616370827,1.4982354170641923,1.4186324540346325,133.97354517648353,112.26493495751482,120.82489360951858,124.8888465347879,118.49942243201053,125.19035774970729,130.01043750412035,117.63215696238689,12.593972333948143,7.407782299472542
49,1.498310669452031,1.5472130710060625,1.5720683138590115,1.6496632375559368,1.4682037564529955,1.3124342402845333,1.458995128623076,1.2438635768312154,124.42998666474816,115.67040508706303,116.14223640310225,110.68929799286857,117.1057805620681,128.12578826995264,120.57952769947025,131.5634066320788,16.886444799834575,17.49228378780844
50,1.5434412242090227,1.7000585130620687,1.5277669064900046,1.4811085678717477,1.4404736845854915,1.4609690671090172,1.4400016485239702,1.2374842208581267,128.26124914695404,117.33893398765588,109.53268130656758,120.99236798358442,115.81846133458139,119.95093482435759,129.07794067261233,127.90952519602226,1.1027564189385546,5.332952924458826
51,1.4594580591283564,1.5049748109504628,1.5966705757879154,1.5621270611423856,1.6208634328847094,1.1173977650016478,1.5050741830543466,1.335893893588622,115.24236180826063,118.07196274468271,108.10196397969929,114.74238787651059,117.0477296438066,130.66698272199739,124.71734804177277,128.0925600284874,4.169302178691006,1.3892200198453641
52,1.618964860957031,1.5945807658880808,1.4876066937695347,1.4650143823387896,1.4784630082168708,1.4111873250172846,1.4408791925382005,1.3845611560281927,133.4711987351526,107.41163136451476,123.8805704844044,117.98312823206865,115.46526374741312,124.38932196814577,125.67181799037667,122.76457976775187,10.30200873703676,8.325248519442694
53,1.588538694880229,1.537859417607407,1.5685798455605702,1.4184349261994038,1.577335148948209,1.4106710206647923,1.3565107374934287,1.3303720152214633,122.70155695547328,113.6641718603648,112.98742851635893,113.88719996262452,115.76171872563464,121.41706130249688,121.9281592398563,128.06133107699515,4.343112008827583,3.845589171997277
54,1.5830908933938295,1.5552857349880576,1.5302278420794921,1.6153898958736377,1.4455204774469232,1.2668354957903747,1.5448108082230267,1.3038169364073902,123.87813514808096,112.46548692775853,115.5246446285317,113.26823890796234,116.97673081887811,131.01993887075744,120.88348548020166,125.48038079399755,5.864631100384551,4.114972150322068
55,1.507000722902335,1.4475903043676492,1.5210313023923128,1.56925691042017,1.4685338054734947,1.4068750742825802,1.5310337790723376,1.3797413510984002,130.19449379976763,115.8139268605009,111.60098823054462,115.09184816893388,114.89691815134718,116.46771614774534,128.9975339213978,116.75202567223364,6.4433874688476775,2.671333107683174
56,1.5007174094688134,1.5271638865405537,1.5026342997646116,1.331277249743408,1.566260047422197,1.2634011122768332,1.4841892790022897,1.399695824450094,124.7073568901006,117.22353459105669,113.02538479113925,124.62934736803547,121.07930741034987,131.78538427272267,124.63621581362933,122.19306436635928,13.223826240285726,5.1031687924280735
57,1.5131994709891308,1.6385929925512632,1.5637195063666427,1.6267698557664585,1.5301931020210349,1.2986106243251372,1.4754175686415538,1.2900008977881168,127.54810037468147,117.49848273409708,114.74897067721733,115.30077659890358,117.64782129666641,131.06533263623314,126.54598451405019,125.84197659706841,4.015149751433442,22.531622247132113
58,1.4256253404220702,1.5439032704197688,1.5299242823165051,1.6670702491293972,1.4968285304960187,1.2646261615757886,1.3506395292132687,1.335632633213043,118.05743185422665,115.63117578001149,109.03324085136347,108.04670905922532,112.9332240901649,126.16083534680301,124.88334091745074,132.00992148674268,10.907686065150465,29.702238069966874
59,1.5039342835408276,1.6262684343466718,1.4624125769444776,1.414694141913547,1.6041951204143998,1.1866282297743898,1.5563898747046907,1.2954941754130413,130.19815909837135,113.569902225447,116.1438008127329,116.44579657428757,116.56385656234072,133.342819388223,123.65003579649577,122.95495861018853,2.5493305428462785,0.9029029051468913
60,1.391025880545463,1.5488131913546679,1.666297389004775,1.463326374827829,1.6043806935777516,1.4090855331306678,1.4409438794364415,1.3272552244125062,130.70327221368655,117.0936024782956,114.72824536254888,108.63713918426114,120.0286963687464,128.63260465200693,119.99043263467726,128.39038957018735,19.80267712335985,19.03307038994043
61,1.632674807662529,1.4901655379647485,1.635427040203997,1.553537274057732,1.6060804079733484,1.4076148378080642,1.4741752006159905,1.3754126421664876,122.56546045214365,109.4923115162274,124.70064115135058,110.0197613285543,118.58502531043638,125.51680263164226,123.87547995009312,133.00484599776146,4.046740609005278,41.379615169679596
62,1.6263591352298037,1.5013796876732908,1.5578620476137868,1.5398783193564862,1.514024756870996,1.2454036148312186,1.4252392559965605,1.231821265318293,127.30965556414374,116.27421283430893,113.13992444799534,110.78968099098422,115.76866273086175,130.73517070147926,123.04273937911537,126.4256522522333,4.897841790333107,14.396308191722518
63,1.5602491196845447,1.615938339896423,1.3970245440947746,1.602061665673476,1.4958121107811735,1.309045399435153,1.4897280845602188,1.3952122502469233,115.83567369735924,117.56379851744568,113.3403329290563,120.85452546023299,113.37909693909697,128.73548730026636,121.38145407109643,128.88101822000448,12.497302359295425,1.8249671925320685
64,1.3608416456055261,1.5891850009619837,1.512786268057265,1.474083270669321,1.4621368039379645,1.2793755677231733,1.3930107766896096,1.345295481515165,125.81578533082605,124.34411292755827,113.92269537400043,112.92377527128431,118.77334882635417,130.58219650243788,125.72524208389872,121.97405304028821,11.115273762600808,5.399651276061899
65,1.5110334494291107,1.5097194379844807,1.6066143961952786,1.4797580544413436,1.660582659079972,1.2885318372193808,1.4454612727359006,1.431176839833177,131.96686195802772,112.47115141886827,118.94343525927272,112.59082464486042,108.10685869088142,130.734679591695,121.9291927321759,123.0485889235067,3.7590385435975175,9.886629132809063
66,1.4972231356411307,1.4315894613069602,1.6095965733336977,1.6275253215540912,1.4897316128565792,1.3394085709761114,1.448863000863565,1.3598043909470003,118.7108642775082,117.55244680669301,111.72432254170741,114.23456642738002,118.12546154499731,123.13806362715728,127.46130013119637,128.38163999383482,11.86398730136278,15.185953967179987
67,1.5379637110733555,1.4830587746013728,1.629363358202641,1.5162849152123907,1.5341009270446486,1.2188509348439882,1.5297022795755184,1.4000533913433177,130.3298067636736,106.5606799648678,114.24240415394725,110.56845331051053,112.67859896000401,129.85252568593765,126.15022283093833,119.98643110092559,0.4560451985114167,14.353223171269708
68,1.5713969100440857,1.4818922605035558,1.5406477547276178,1.6919145174650476,1.3969702447909491,1.427040704244144,1.3901697824776267,1.3207323876087909,122.13473194265055,117.96493891851391,109.56848840483114,114.5571405086372,112.71662829461638,127.71194461874545,125.05945366374466,124.4297978545214,9.695094852824653,12.264629533003212
69,1.6144135847340513,1.4984070190707364,1.4755420381444768,1.5533235775375602,1.4778086184197767,1.332708445343006,1.5336447402762976,1.3484992249597254,124.25929165685393,111.39834504185794,117.65191138157931,114.26204904166185,116.72041575406406,121.62755954357522,122.83751128710678,124.65443607871252,4.010852823469943,13.024331803489286
70,1.6647447992394184,1.519295476811402,1.5609196620895431,1.4326811874006993,1.5179413524546288,1.3322346243365895,1.5183621206273765,1.3457371276620615,120.80945177683714,120.00749016445779,115.11301961617401,121.9569163410631,116.21268472398195,126.51292743207962,124.08683460267484,128.7467960918914,5.24634046699376,2.1897142555705984
71,1.6432290485892165,1.480148617708591,1.5000938328349296,1.5196187211100571,1.484505152086546,1.3866414575858799,1.4888763901085622,1.3878531712471693,121.4311311961316,114.57792578582567,114.52121438742178,124.6193745537954,114.38356383916565,126.58988200109448,126.1619935810341,123.69004770861034,2.3583018114843544,19.471714190718618
72,1.425609956760145,1.6221307278382813,1.6280429864245285,1.6792999049375898,1.4507066635312087,1.362877109268554,1.3909010360079874,1.2911209353681814,117.65290232837937,120.69647884584887,104.83855188254543,113.07352154034801,110.53467313044314,133.80707339769654,119.85991497561115,134.89935236146363,10.710542277662293,15.404552003826057
73,1.4448965052623155,1.3713545753203793,1.5867558510142008,1.412390896874729,1.6180819817745986,1.1951960042330814,1.44458317217196,1.4504382902831328,124.31387890481884,116.65849043281293,113.25943416736514,109.27670165221105,116.78230205747107,133.19073999417967,120.30456070615728,120.01068185458868,10.536827792153469,0.6336946849043604
74,1.396681282833988,1.509618878019328,1.707377493543837,1.7375988694571232,1.484576352029776,1.2639610840865676,1.3852486253383198,1.2675628427522858,123.96668946313149,122.91834947769819,106.05068761812082,109.59812138520755,112.82625436099764,124.06899439115404,127.58599448125543,125.74423207308179,0.6395328243984537,15.159068173338007
75,1.4469176201936318,1.4669788213899746,1.5909810464281409,1.5339338306537385,1.6381551041316402,1.3489363849983658,1.4251002175141634,1.4148825849565008,129.10861297829268,120.04616404733102,122.10048753085805,110.41391044601008,113.42891525288276,127.41299691442462,126.0463974347247,125.54448376869965,1.263232850374284,11.609412055441902
76,1.4928276785798573,1.599025774847052,1.6180358483264121,1.522246665884073,1.5332084977631313,1.448788340713499,1.3875432606797025,1.3594175335596161,125.87636474495028,117.00618658839596,117.94594891535517,115.50942367210365,117.87718535962037,119.80255480869714,130.84277647604867,129.27920690807363,23.03492085004485,23.402100051017577
77,1.5357368893606929,1.5090301637326682,1.5489317014318527,1.534339788942181,1.503166559644426,1.4583885545173936,1.4289968337020977,1.4741642573664957,124.50504513589945,115.88027559508062,119.89264880116899,119.00782382327257,115.80044095448152,124.64194369264054,124.58635539260234,124.21465924984919,2.027947940787086,3.7853770084032003
78,1.5757202572690154,1.6880968391058448,1.4834099212675111,1.6867914435957165,1.3606543960986692,1.4725687830831653,1.4915894278516,1.2782690830155503,122.74140126794663,115.30813956841386,111.02706392757712,121.53127277302305,113.89867371106057,125.97755354552086,126.66939254696538,123.47397290991739,18.13490818177938,18.75853267251865
79,1.6247100357543327,1.7148128146911843,1.5724939488823042,1.4830183325254354,1.4155405271945705,1.2679086262741466,1.5933962806168371,1.4344534240714377,127.38781328230102,111.7543604585553,116.63297164439722,127.86205826280136,118.942432996615,130.24868706224916,129.26551737869198,120.11136885010993,0.7670288958576306,16.606839362734675
80,1.4110225279446782,1.521361561343806,1.4341073291705457,1.621450819028736,1.560519718192855,1.3488764258851549,1.4657338118285839,1.3504245856153327,127.37005640560551,114.09342296838125,112.88321661924982,111.23092003223813,112.64599556158169,128.7022479113275,120.6372287471593,121.96210328204522,2.504179989425981,2.62650325420924
81,1.6912198679944503,1.5784019689009747,1.5272170040109645,1.6165566375508074,1.4717938525563734,1.1423546863890925,1.6873460522267265,1.2303831678996549,122.13710010139921,115.03413292695444,113.01709516332338,117.81422994277989,115.03108477266669,127.45517771979266,123.57097480428752,127.16262017147493,4.378083668767033,12.056679353808361
82,1.3974141461047207,1.6919305919288958,1.4523459782478327,1.6514592178340546,1.5475819146851661,1.1505657750752243,1.3884216226432955,1.3218520370507127,127.90249858376048,117.44518987471905,111.3515601150149,110.83681948277516,113.06401252661503,121.56848353726429,131.90870845629414,118.24381339266212,8.459301740706564,2.2915461588397323
83,1.5330711427836938,1.5632592028695003,1.619095109391426,1.5253302349356188,1.5272778903469086,1.3779503983381174,1.4444453845785812,1.3187391637142267,138.6686362816513,109.0556548276476,122.01257214147529,111.32669545077275,114.74446229524017,125.93699758382667,123.84736067943373,119.79314544137895,2.9786314539661927,11.682642537311422
84,1.549895841554863,1.4988358276764446,1.5643834440925017,1.4987263661742285,1.5699645783674878,1.3453982373651214,1.5757283790783654,1.399305114252328,132.76405822488218,110.05587487067719,117.01710834564163,115.1517469541073,113.76961686068842,121.86692772299472,128.0027706921306,115.1896029533183,8.158067894950646,15.931984944956346
85,1.6006620201173596,1.6175754958585842,1.5179874786340408,1.5386666142242187,1.390374006897962,1.233465859713376,1.6573068359080223,1.3210069181309283,125.78932420955928,118.09212155448616,106.54607161731603,127.53752075381308,114.44968258305315,125.3456004707462,126.60093171176112,120.59106995538353,8.158751382765592,17.69427239523274
86,1.6756050844318582,1.5096071850770545,1.55888613595107,1.7192568445906486,1.3163070969542774,1.34193970677366,1.4343230217872085,1.307227088561355,118.54681317352691,115.24935781617762,114.99269133221766,112.27379763711728,114.66721824292362,129.77866673596463,125.69990012706997,132.35974676721247,0.8442777825141997,7.326216902050304
87,1.6275067709821744,1.692216644109076,1.519244471504597,1.795746481052682,1.3369329296790096,1.4282048650332257,1.5392297758207474,1.354039304116135,117.94855806495411,116.40603751558656,111.28940007777648,121.78372527068679,116.0118655246183,123.6280395896445,128.87918901682866,126.96196579654534,8.086512144837169,5.292904730137913
88,1.5004959120142354,1.6078395542332204,1.593699012549142,1.6285955426075474,1.5018721164915296,1.2231934695927629,1.5033472976121316,1.3636994146949617,120.859057169072,116.81870608286938,111.83111500927924,116.98121179741077,114.41040447967862,127.89293919341264,127.558791843129,128.55167653613105,5.964871523481784,10.180333732486353
89,1.5569789139612407,1.5029793759867756,1.5608980327803121,1.6804983521326262,1.5642171427207274,1.1829226496763976,1.5009733113117258,1.1970259506308536,118.48800708338047,118.2288543593688,110.03668958441743,109.68851921868104,111.63471311010994,133.04441292698684,121.52120039511085,134.77013707930777,13.043511761196497,9.619935383198795
90,1.5744858575701777,1.4111173859281703,1.5391446378681641,1.5401251695575675,1.5343927599589469,1.4860262876492922,1.4091406970734717,1.2861831541669622,137.29535204006982,108.06382224331348,120.5539051591014,111.21223785050096,113.36147921681783,128.41966922002337,119.3901501796508,122.31013819677233,8.772060201996297,7.138985646344766
91,1.4389479860293093,1.4500571522505288,1.6017330697353929,1.573879894450609,1.5511090807325627,1.3320380135450447,1.4677040442042721,1.3746388559380605,129.77179174705032,116.05907025856078,114.88015451845835,112.38379926291212,115.1286453667245,131.16890402348886,120.8888298051243,120.81625527661093,3.7052250837926675,1.6538351410970782
92,1.4253215387518992,1.5276051990359678,1.5511695252300313,1.5598709149263306,1.5374920967871204,1.4510042094669477,1.4231241991354664,1.3350942442591494,121.86608102597194,113.38734651040208,118.62422768571517,109.57772151070384,121.57012578811991,128.61463570865283,117.4658951568294,136.03758683597795,3.707930407277353,14.656410887464126
93,1.4969747049351474,1.5346493194759099,1.5411228891479802,1.3525979298640693,1.648718223280101,1.4793511343408816,1.291451489873863,1.3896231963775323,122.35822458139505,118.58855201390311,115.22473883148683,113.39675063532249,116.91666826560744,123.04167488835733,122.35608551517194,133.87173108693693,8.071153138345199,4.015270521768718
94,1.3948007746492277,1.5163744958072842,1.646849174874769,1.4302661301298767,1.6172557942799703,1.4070943993082077,1.4452837361574857,1.4511591322748327,124.08469602878026,119.57822343491556,110.5015282815361,116.03871922105073,119.00142628588897,122.14259784312205,128.44156144534068,124.457863186253,4.162410976621419,10.947112470166475
95,1.6179169913629572,1.64785308405834,1.5683506453909006,1.3548046950111907,1.5565176500459157,1.5402708422561524,1.4095932238390136,1.43653180615943,124.35055351165147,110.63506004351586,116.94675141621421,121.03311193266237,120.08329863656377,121.8911643204151,124.63557473446893,130.38290247662798,0.6563469707095917,2.268731001758931
96,1.5503230350307509,1.5491124904352038,1.4879051783787465,1.5357736133876492,1.5137894985939173,1.4389478899426627,1.5463648718384895,1.358989220712195,129.03292922924666,117.01406810757908,113.00170108625835,123.16465958572941,108.71402841710845,120.82895252712264,124.85184410002047,121.88351244885183,3.661147399293279,7.8406480161074965
97,1.4859714600937586,1.7244284775937357,1.5119039249268078,1.475728303983237,1.5041203307167939,1.4190506102330536,1.4685727244486464,1.3308284886942412,131.34007456705302,114.7743830147415,116.004601922622,120.94491269672652,120.68195037489875,121.2898943750895,129.52360272903,125.43822261604596,12.193359169399766,3.140675339062378
98,1.575459622610314,1.5815259043207004,1.6632986847271831,1.6648156721614977,1.447498466257561,1.2664073772764064,1.5069605336031782,1.277712366102202,127.4932431167552,116.77116870785687,116.95186370514607,112.35983839809832,116.44351802186794,126.44903840019795,127.971696354372,123.8631133136087,2.6382886421933085,20.273534300883366
99,1.6629028415705822,1.6527463861604783,1.435855031806821,1.5950099791976378,1.452193063745275,1.3698200998279222,1.583724725937731,1.299088926961222,124.23943353309204,118.63767882489884,113.07705264949787,126.47151864182845,115.02709788050036,121.91623626260642,130.96659557563916,120.6656281635818,10.524557094243471,14.310078845318573
100,1.6080236587129666,1.6244538388309155,1.6077230111838092,1.4938068455861282,1.4949787694597843,1.4188460175142936,1.474717502151727,1.348495168718235,123.239366224757,114.92057075859292,112.39913275608329,120.49656590796084,114.65148397504518,127.82095023875965,124.16965694307072,129.19637080038925,8.27951972714492,0.2826469787128736
101,1.5156989757243362,1.560196821598808,1.4416396735141672,1.5360894871525568,1.3420681627520297,1.4625822312109789,1.5209549869252128,1.3347196346021328,137.61631876996822,112.72638359872954,116.73811530084171,118.34695550518688,120.50568033753045,121.47923986130418,123.71038820041971,115.50400522010217,17.503681383987274,3.2217896760264004
102,1.512927268277254,1.4387669812479102,1.5914997318641304,1.3457690198054133,1.6283330703604897,1.355800676563476,1.4597980068435676,1.4423892490605725,129.20897318171498,111.45247480919876,118.39811806212786,111.4665319484481,116.66366156176228,127.5676501146348,121.256157349698,122.41231533141323,7.598815248527965,3.900482049151816
103,1.5289379720854146,1.5795940439770884,1.5545978875088542,1.529450845531596,1.4702022230180003,1.432811581985279,1.395772594025434,1.4313209661919801,127.15741594182077,116.08471637477801,114.6796730537769,120.69325497805269,117.76555620132363,121.21446757262677,129.79146644721465,125.25477414036658,10.707408625915182,7.5421110543098555
104,1.5571051034718182,1.5958609684576166,1.464061754025249,1.5012307344702982,1.4853309763707916,1.3031471383715123,1.5386214663979385,1.2919530977702742,119.88559389998072,111.74370349938569,115.64102496319748,117.57801863038672,119.46119842487495,126.51946924976592,124.08583954407452,126.02655572280776,1.2092550327525708,2.461188513874524
105,1.5714778715584963,1.6178316380422255,1.5287721398316305,1.5389164290268242,1.4961320529599909,1.3757952252516223,1.4287979232174144,1.437372803581652,127.13346295334388,108.0863147217341,121.14266406114216,115.92610235664081,115.85463342555724,124.1686935976496,127.9380630703279,124.20331347055782,9.162096589780798,2.990843539984753
106,1.548278405441448,1.4995154649139393,1.4863648581718294,1.5454695777804535,1.4845610690683972,1.23478116447413,1.542366828340845,1.3516105462455665,129.18590259964114,118.69538344715491,118.21115091496131,115.08413321706823,115.84953596028144,133.0566072023126,122.78901685690364,122.27979778109676,3.280968758542492,30.01715446855819
107,1.4460990732070076,1.522129157352684,1.556356407619194,1.5398830198211269,1.4715463834524047,1.4100312425633008,1.4628161174804748,1.3341764529938063,130.24470264846542,113.57701070294884,115.91767080689588,114.70127702616406,116.86031798377428,124.09662783389162,125.17483483387173,124.32221666694561,0.1629444304666544,6.2025645731995676
108,1.535416970407301,1.5428848974266254,1.5951465679407353,1.3403948243196107,1.6081058016434842,1.4630286647552544,1.499377642425696,1.4029112726237436,131.48976952749575,108.3864106093969,118.7057110101013,118.8018016901355,114.09672735011927,124.60849776612531,119.20312262072063,121.29294910538087,0.10641724258715576,11.370096714641383
109,1.5555167699477823,1.485611742662107,1.4881150703084542,1.6160321617316353,1.525398811775261,1.2296984640343271,1.5022817016373544,1.2934361421320315,125.76134429356813,116.0524878213766,111.12287341822474,107.65514575558068,112.16608909365846,124.01797255441707,125.21046405838852,123.24570138818126,1.2713744616375873,19.35376638293807
110,1.5032111212657424,1.6722998433484144,1.5108312632733991,1.6359334967813128,1.4795752061178415,1.3760222343934976,1.5505132905908932,1.3312953654850574,125.41523122550451,117.61714076135301,111.97342155641017,115.47856157442494,115.45025418060226,123.45196289216928,127.99999428894336,124.44910652848009,0.1629666155676258,5.623106917291267
111,1.6261458726926463,1.4520791768050736,1.5851626215878654,1.5078431461015331,1.4867965169011947,1.265414743552673,1.671464496468896,1.4502524507651435,124.58424414316349,110.53343006081599,121.57218628285065,119.90274417331263,116.7429726183389,132.74354251047663,119.5065212547651,123.37046912856346,5.401191600956354,4.456213387240905
112,1.4968360189759782,1.517283995527584,1.5274522424803598,1.407805334688662,1.4545055828218716,1.4603746357045815,1.4655691464394345,1.4386055204154162,134.82936092763055,115.74886606400784,114.70484513245181,124.4547208389985,119.93775409072362,120.13792372680545,127.05759777172784,113.54935924547003,5.512342362368564,27.04471980730045
113,1.5012759716875073,1.6322787166442394,1.5192691513678012,1.5222305690034192,1.5554536398474132,1.3322055404496551,1.559735143913712,1.2982391443716428,135.8502479908134,111.7952437072456,117.07612457566307,115.95411816739211,115.56347473571233,122.08989546367755,125.4176340886642,119.25679169906721,7.585943522115066,0.466662520784521
114,1.5374662606090455,1.5464273238768298,1.5544796807189707,1.2744578395188446,1.560311675836899,1.4723320621295692,1.4784416812191283,1.4369138652983777,130.8116128918069,110.8429351739961,118.70021352581281,125.82447456336824,114.87395142680067,125.90348838258292,122.62472883042714,124.20126188448573,5.126475606794712,2.8882345063490416
115,1.433288262279359,1.5411850734422805,1.5233410976923385,1.6154482183471601,1.4318057955066992,1.3479603368014645,1.3024693556506348,1.391768257694376,117.63529881142792,118.66929424985821,108.36234648785198,111.66847187866725,118.19887308310145,130.13677497184648,126.15500941398726,130.62356577230318,9.642472943316463,2.4076322917394792
116,1.571267330769766,1.6408984685753465,1.4062940943107207,1.5549034061819536,1.4161321527710165,1.3271769383017082,1.4503056313395557,1.32428802677786,125.3886239842834,111.45376816935033,114.68955285579364,126.21043059713797,115.88763182443121,121.78787829659845,128.66704207831552,124.51191007823815,1.7036855181544837,22.223637299936954
117,1.4491682648374427,1.5714255569649629,1.6194049095099348,1.5547195596807528,1.4583285591954187,1.283438371089856,1.5542337859518949,1.2608704017982417,130.0272376797008,117.32546726373482,107.9646396033414,112.04066313398083,113.4312655661604,131.6975937943356,120.84443492093389,124.02301540872206,4.553641940203088,15.392239924568566
118,1.3871342272114109,1.6500499411607663,1.5491027951278684,1.5719430215177732,1.5733373589987045,1.3294693969150868,1.4655004935474079,1.3683246323543838,123.56888466079856,121.75520664817795,105.7030736857608,118.72828873794319,110.56096715379492,129.37019591947993,122.24399211811443,124.18114204857528,7.220142993828254,5.838245364873856
119,1.5078532287290625,1.4894847608619592,1.5239145932902844,1.4183017330081906,1.631884724118511,1.3973216526118541,1.4288077559849344,1.4388862357825507,124.36312244762199,117.36083976073941,122.47524175704704,119.64326360102218,120.26964136515305,121.4764713087392,128.11026186395605,127.72224197201784,10.784087156667935,0.5552257719194534
120,1.5417603113538898,1.5284099050796562,1.5488259456018425,1.3063257807242146,1.5689762066155981,1.2622076294597846,1.446686560972499,1.3978121386254325,129.27885072690714,110.61612594617102,110.74084286797414,115.22212664539786,113.7149135228687,128.3276040301011,123.50243276684436,119.46027828740714,3.2221430301726675,10.574348342322939
121,1.4153979050327574,1.68666677880714,1.5165407757511054,1.6461416932974002,1.4814144114930647,1.2896036564557467,1.5353066055915379,1.316329046768377,130.94919747980734,121.25248681798159,109.6652251882073,115.49243496400221,115.83913642370169,122.80793597141803,129.64172296740807,120.01414350649222,8.24940225816729,11.807509706324964
122,1.55030433161856,1.389050022817318,1.7114014500248762,1.405496207185688,1.6180363384680576,1.3400902665345211,1.5209773687478962,1.4353336755634543,134.9588829062505,113.1242824515862,119.45756026431512,112.0116990453397,116.93070251170735,126.51820163235294,125.89162064560163,115.33154952886377,22.003886481502004,13.573997454299272
123,1.51898132341581,1.4846066920964904,1.6510625721973438,1.4230301166402906,1.543784807361094,1.4117002459967685,1.449696403899241,1.3954542102723333,128.1867951372325,111.00523531860678,118.14135874782247,110.6289696363043,118.69277954221968,126.72399738413667,121.15207250108956,123.29312368853073,16.477546781552945,9.575612084837056
124,1.4334184194301443,1.559850525562065,1.610592082447254,1.559582556807578,1.6653410775147195,1.328920109699866,1.4154432123204155,1.269963995278551,115.52800380122191,120.15865628798443,106.69589807952605,115.12134869386229,113.6907465859576,126.6536675923945,116.64510865940089,132.4274614549943,10.07399803143484,25.366290290627685
125,1.6663149230949164,1.6162269652170027,1.5915908636219587,1.5166663615166096,1.3785277828772942,1.2520636929484918,1.6140844125199472,1.3877530094159911,121.67840132089692,113.30599608283022,111.23222319690036,125.84700096476375,117.37524378779673,126.12271215640104,128.8905617593214,120.93406606407883,12.54964903512017,18.54148859708686
126,1.6226230727233946,1.608249316402133,1.5524318822974388,1.407518571892729,1.5543707561265323,1.4256846337707292,1.541718658558331,1.3846306982327796,124.91953747209038,107.8310967844815,116.1937095848043,118.60263089163728,116.45627168606701,118.48831862917584,124.57405570238747,127.06748105264253,5.517797472744322,4.545060244098714
127,1.5757094731255612,1.4795525163845373,1.5653242029552066,1.58322505204419,1.5955672222776107,1.3468706353518163,1.4945335277041325,1.2686694791157764,128.46268780794378,111.54281590584242,123.87151029107557,111.92890020484512,116.01085339380636,125.79884323311079,118.56617745528223,126.38537008360939,18.7870025912187,10.323731375481731
128,1.5432332709356775,1.6914483498842239,1.556254627015136,1.550218320980773,1.4357094737088176,1.2969121601683224,1.5620472746225533,1.2229631820933538,125.76860118779597,120.15115609090583,106.89131806968905,118.04689502729873,118.70992494941176,119.55100445529172,130.20102230125468,124.22950156213082,10.23877228249913,3.3425004847203366
129,1.4814904750504976,1.6248198637716658,1.6128677720080753,1.60010837135817,1.4928875683742577,1.3406461963479976,1.4314861430975239,1.2864983877909428,124.71375243227901,120.10665279819612,114.39419926425013,112.56288842064365,119.25507068696933,129.25227349533196,124.98775626959657,128.95989850611664,2.4427581346340945,3.671710159476945
130,1.54051900697887,1.4979206258782225,1.5616568182315036,1.5188988218758595,1.5402712302178647,1.3657116839360441,1.5189114961242436,1.3811008090114365,129.7420919270804,119.15819781033407,118.21415288348459,116.38437483660319,115.92044506606996,120.15560811080776,129.75501274344091,121.35177698491034,8.23477521709103,3.643236089245771
131,1.485498911232112,1.5372597081572645,1.5159582361328638,1.663719985410142,1.3316476679962101,1.4390969383934757,1.482195316093956,1.379943100884605,123.86346736465943,114.68660654099287,108.99679076228038,116.69296529356943,114.5826947979443,127.56432439990412,123.77906811369395,121.89643080492371,1.1958936953029056,18.270005203250687
132,1.5523748735651441,1.5273057257919485,1.6427654183648455,1.5644662859680312,1.5032138575474938,1.419923558470927,1.5148111798565513,1.3676615537599988,128.22489926951718,115.6598149610786,115.16903279398342,116.49005687668516,119.8201294725308,125.83601733968206,125.87754270229495,125.13132109166799,27.88169353986445,13.96525520615261
133,1.5783009320844146,1.39979842816433,1.5503275867190747,1.4446627288413374,1.607941935485659,1.3235513498189289,1.4862712831372487,1.3734431126516755,131.06763734368795,114.83626252423568,114.71455678046755,115.81786019952186,112.63238193594279,129.23493928009307,123.88627291386821,117.42944790593648,3.396162837601484,34.53951678373178
134,1.5886315834531903,1.5240457782356807,1.512819783921189,1.5318331087398496,1.4446953007448455,1.3449167229552619,1.5282671922920001,1.3601514794186602,134.23844810239694,109.3526207089843,117.87078400010692,116.36821973914498,116.76781203218226,127.34593733823992,123.6964778535479,116.0122373568986,2.875354190888354,20.97982198629758
135,1.4971076432554276,1.5415544502277396,1.6395807013214936,1.3160303704326848,1.5490704523706114,1.496505615816303,1.5812589993359314,1.3680988343331508,139.9846946745879,117.37304771224034,115.55123536021127,123.51422038916552,122.1083087250017,120.23200419825933,124.5803899739447,115.19042854062933,5.450916458519486,23.0717940640936
136,1.5282087657151142,1.5123689767111528,1.484360672094609,1.4388731673798159,1.4850440960638216,1.465077304938419,1.3860257483736524,1.4120131269074954,127.67180619098154,112.5545400419604,119.78037586399036,112.25341322907974,115.1844206182675,123.55137073207278,123.70952364628597,126.31126199501551,7.785803738191762,6.486759969097882
137,1.4793279399229815,1.586788973324498,1.6192888878109295,1.6739437941627933,1.3637111202199899,1.4294210680050823,1.4063968707836991,1.3238903769989083,125.7268645760843,114.73166618515005,114.10872396462923,110.1241952619898,115.02845171240169,127.35258509092071,122.56122136652111,130.50268985442148,9.065194245745733,6.660186929433694
138,1.515126896649533,1.5179577781405307,1.525249572541956,1.6319053323869195,1.4969274765157172,1.374620897445186,1.4999589768310313,1.2233587893423161,129.90898888936528,117.25207499567499,113.54665107939314,111.17592937955543,115.92113789084748,124.0905708424254,123.03053970622148,123.09798938201827,0.5028007521895114,19.98444741477661
139,1.60837157561032,1.584415817476254,1.5512456861541537,1.5701180517134445,1.490989774481322,1.1809610822958636,1.465584739895996,1.3039277776754168,117.78702459206862,114.36313106602651,111.37551328791595,110.2309838823972,119.45673742169078,130.91953900307752,127.39614571561846,128.81648990360964,10.108852401579387,14.62648061187436
140,1.5266520537874702,1.5303719797345112,1.5801542706425955,1.6169327954553503,1.5702672522939036,1.3265863024969216,1.5077702501396602,1.3909069680298576,129.5969595946139,114.60207612216543,118.47139500146102,111.93154426661938,109.519654065148,119.52850183997829,130.74788436965224,121.5769432749021,14.315092811920653,8.045978324351477
141,1.4100981878387846,1.507441901815245,1.558030599468771,1.4763039578299635,1.6122399172835211,1.3316293985753884,1.416441097775557,1.4020674135428735,132.0990082694707,110.27545293140629,122.55302906114406,103.34326540047985,121.8111460985742,129.87668565972604,120.54179395829624,122.57569416176473,1.1237404324307885,12.374015429957382
142,1.488542114356015,1.538704089049739,1.5480333384609692,1.4656597114873637,1.504468932439764,1.3378649654126198,1.3493959947920893,1.2963833064330084,120.75236903301929,121.08697482960909,114.21936050173179,116.54873266121605,118.38611382935234,134.64120126957147,120.09940820082358,133.48118781041833,8.383011214119515,7.0999075950518025
143,1.5010283139701297,1.6396018569860165,1.483730249824237,1.8100174606246033,1.4237672001777457,1.273383968209852,1.4879775378165807,1.342603342966825,117.44050947744917,118.52393026195791,110.65688471933245,115.99338411445581,110.59997420044012,130.67051337628843,125.06085369746287,126.88768289292682,4.516023370621235,3.133447079988266
144,1.4779045348133049,1.4271243785381067,1.587383066984546,1.4692322925567074,1.5663498563198368,1.2886383212881596,1.5744049022114972,1.4097217457216142,128.65806832876584,115.49507605922507,115.8257428441465,111.34324245033818,115.74650344946744,124.7455879323619,122.32280289868818,120.76884763575453,4.06710581579431,6.667729338379682
145,1.5899422446593403,1.4755856279269133,1.6225750283289353,1.3879862497734345,1.4870506529336036,1.51990101801258,1.3855990360649748,1.466542567576348,125.9701334513623,110.17372062444703,119.92660609774215,123.5974692088611,118.20730858270392,127.81915146117046,122.39515499897385,126.22053490566208,6.334824422238914,8.887689748529013
146,1.5527182393325365,1.5355698218164795,1.435099148391535,1.6348541795098817,1.4394221130384626,1.4438410279392724,1.3766271205429326,1.2892334604289306,118.57221412776437,121.76706084341791,113.83728682382859,116.0629862451676,112.95078370606518,126.3539679653296,123.03786983094787,132.82660677143588,0.47717576264012335,11.459478140074642
147,1.5017388704785006,1.5494760460833297,1.5654454541981229,1.6917768927822918,1.5156457928883715,1.293513287303926,1.4876706888290543,1.282342017103028,122.8227235673388,118.59025788615233,113.57609703586522,114.23444430181178,114.99297903749692,131.96805816742437,125.26626373941237,128.79941239081444,0.04457613675168222,0.19632041115439722
148,1.5376130249739606,1.6574012579951134,1.6163545117220108,1.564694044212435,1.5212921368979473,1.310870351805642,1.6339057420562575,1.4414708692440823,125.45717576249551,116.34201580354768,112.48922348733291,120.82164360831796,113.56982629608643,124.33014881335713,128.2134505818331,119.74575435674501,11.449898686758342,11.208331955235941
149,1.601444638048914,1.6156938661276121,1.5689722805571598,1.4155671477668745,1.3604202747869525,1.3813141854030484,1.5736463531206653,1.3901837915816262,129.09164171132923,116.02157201680684,110.50470275417425,123.46591275726668,112.74476222446803,125.17317884209606,124.98082616982327,116.64681332831843,5.95743079466942,0.4882498753228112
150,1.448819399399832,1.6073231461270474,1.519692422299845,1.7082357530038246,1.441977685318916,1.2482203031610821,1.4838597932959818,1.3203690103183963,131.16758752369802,114.48233450084136,113.5935747507715,114.4345285788354,110.31193849841708,126.02909332720738,130.07645490907177,118.90801235542529,8.029859722286547,3.1392622901392078
151,1.450622172955042,1.3518234203018245,1.6939213005695317,1.427134073382236,1.6848349806937186,1.3999884316097415,1.3783776676853738,1.442126598300977,136.11652710862097,114.89865960321968,119.4797275592654,107.83562179761715,111.98376471011514,125.43843705610827,122.79857117978065,118.94514622381826,12.948653068447237,36.127199335646424
152,1.525033702593172,1.5681921725781933,1.4722692021132124,1.4150795982133173,1.4744672284572795,1.3665354954995048,1.5090337356612156,1.3631048312216847,127.57694735578755,114.76726273683087,113.10070331817835,124.88098513231986,121.84537824110508,128.6793302436938,124.31881945533112,118.82551880765776,15.496925946448869,2.7828310034873263
153,1.5198603594674465,1.4631185250094108,1.5785612224497867,1.6126912320961153,1.4778376858463282,1.3699575829681168,1.547348720224653,1.3368479681172218,124.80668484416974,115.19997250622903,111.26111354729905,114.04561853799945,115.35401881355611,128.6955251818756,122.77937399739632,125.95308565975004,13.313121282090645,15.56706865580546
154,1.5658869064028105,1.6165426194985273,1.5103748014555156,1.7090145337640088,1.4058095352127111,1.3288456579904229,1.558419372791044,1.2218084060387633,129.93840876822804,114.12895675209991,117.52783649992737,113.45087428116994,116.23556915971423,123.1018853432966,125.8290887266913,125.25557773069663,6.163434331832901,7.314572177017186
155,1.4868143225992785,1.5608143916452077,1.566967442494944,1.7807496765891935,1.4683596991095873,1.2178806865198084,1.3957569193427646,1.3304323762272205,117.71889640522035,119.65427761245421,121.729154183685,107.39931943752804,117.45256668938336,126.89136060976844,127.77619472839379,136.15569245496988,3.1048497019952612,10.429038949463791
156,1.5691256641093534,1.6146294484516681,1.4877588057906852,1.5985521980700246,1.3862058879395804,1.3371779584500925,1.583872673923391,1.4411198967574708,122.83956833591374,114.31437197412015,111.57013178234368,118.94436722930351,116.67587626159077,125.3373425999753,127.41111784305346,118.90253088809999,21.94032645500795,6.776156758074161
157,1.5462566043380939,1.5090084048301113,1.5841717810539357,1.352370398467218,1.5402764136341698,1.4802994950093356,1.345060443242732,1.3827411783190013,120.16454464632864,115.46971339258442,117.83216945777353,119.84220224088308,120.88605025685256,125.5308880696556,118.8963453859586,132.60281222811645,5.551173943690931,12.499358139255001
158,1.463463606784786,1.510001096169428,1.5258855371831745,1.4959865268908368,1.6307931835614797,1.2727699915314796,1.5720961573791912,1.4027862955574915,133.71896351242654,112.99384540141688,116.2572520284951,119.21610220518251,108.47588348262337,126.88286533638647,122.72041590263066,116.23128783761892,0.08300897721345618,6.289964142587419
159,1.6255105678807642,1.676812186459289,1.4526497765300406,1.6925754515112958,1.5020154296878527,1.3797982305336494,1.564532916058415,1.2947898164799523,121.5172589634644,115.53170387274831,112.19812919700124,124.27670805937595,113.37462581983802,116.79251368072259,131.17238487748727,127.3949923178637,8.984155080106918,2.2526482631735476
160,1.5431866973050752,1.576563816908112,1.4803300064878535,1.5266741459869382,1.618118209182173,1.2074289305728296,1.4905758815393395,1.3349611459229755,130.75017807915933,114.04051786504762,116.47706133850512,111.62771136668286,111.78424943365893,127.59449644850915,123.280216281073,118.11580956384897,6.993339062785586,10.524048868449698
161,1.5004165813572095,1.6982096156153172,1.5086237483083242,1.6052967059894696,1.414360032092914,1.3508300318065274,1.5268603414339026,1.4270978855612335,128.159896823368,114.15153802370939,117.03311032314298,119.47469411119619,115.97754796329353,129.71743179694326,125.03405235837528,122.24559608344607,11.233521078240923,29.096289885587325
162,1.4504864544666023,1.5494480630087841,1.6606864108286454,1.6298498766104494,1.4832635209172662,1.5019483084279637,1.5346031569156118,1.3817473919057266,124.93685256142756,120.11641836632722,113.94842630166082,116.32268517108139,116.75688414943016,127.39411324608665,120.36591910382491,129.80467434943145,5.326756307618173,12.151897231859984
163,1.415920268599361,1.4338708554144486,1.5707385612462796,1.6769142595744522,1.4544260373320341,1.3154427766467358,1.4688359200030754,1.330869941709078,129.21399780671746,121.69201547747777,110.93394102390579,109.590665876458,115.6507752262352,127.11587997242054,124.0670758840896,122.59667137835324,10.12512047649661,1.5974727065614336
164,1.480096740303198,1.546801195689808,1.5581990384802935,1.5465997044928605,1.559655311272618,1.3154596369524454,1.430381920793007,1.3487526034172497,123.09580283431595,115.951522088797,114.18820686702664,115.53136902819608,117.73938371395734,126.40744708841872,126.65688378691931,125.37314864385168,0.161724895267767,2.3036484805741986
165,1.5723087571846575,1.6188443319957784,1.5206129170626608,1.6402042227143407,1.4233496799114105,1.434091600912217,1.5419043439439541,1.2711329912838512,123.02048144098521,124.81934059579442,110.76361888948637,125.89563313691141,109.53484359293324,121.60211255536528,126.20447063024335,126.91647076992217,4.197906963737534,8.688657793744593
166,1.5584492515951158,1.5580182716294588,1.4778416260042975,1.6785668661029445,1.4842788520888264,1.3111750059221943,1.4445307194088957,1.2663323566688685,118.96973944202253,123.7926145923312,106.86341051032568,116.84926122108152,116.60835695192797,119.99203960427934,130.73689195292326,129.5456786284551,3.9505472295069692,2.6539119663911324
167,1.492853961435841,1.6761099875641872,1.5399177833395556,1.6481801107171357,1.4438477504072211,1.4547443053868936,1.432573418328811,1.2703830516384431,123.03622615175378,122.1307225989594,112.75345645329138,114.96920010455223,118.90646447767617,131.29455007611102,121.12108616773696,133.59060102947603,10.26565745324927,3.722432916838209
168,1.462760128169764,1.4972786922958476,1.507879261297597,1.445094354332664,1.5268274491191927,1.3107569524607412,1.5372150543193237,1.49013294479605,128.43399289388995,118.51069556237744,116.4787024009667,113.60090105006937,113.62061444044147,125.79283036141015,122.58384537098144,116.24549566390384,6.093137016877943,19.636423422436426
169,1.5248633183103775,1.4590945811346785,1.436508207541521,1.5179978732988104,1.6371629949005837,1.2552030192611507,1.3766166948188043,1.2826470952530324,122.02941931779294,118.10493882348807,123.90073140922398,109.6601358803306,118.77428455022846,129.84201744187158,120.91867493684447,133.21980734325703,6.7551128912761005,14.932151892201043
170,1.4200348727681529,1.5224781767359705,1.4958569233327332,1.712482293408162,1.582957979531518,1.3721123282412162,1.400248933012839,1.3617469215720763,123.44521329487054,120.96785343447345,119.44585661569656,111.52535017974002,111.74950972592488,128.75141780299316,123.43811322974102,130.7191376718927,12.400036905163569,35.346626300333426
171,1.4258818747123312,1.5793733096495308,1.487815287155398,1.6583807780730049,1.4974771763838808,1.2666103182227126,1.4255208833686408,1.2551362626199245,125.72305479721307,123.99643974470209,109.42857386516602,113.92729394191215,111.99268694815439,126.69271556764089,125.92726661684841,122.12935080228287,1.2478785805559043,3.657208282322213
172,1.546096225700934,1.5572122839431641,1.5706279756372952,1.4950747693690927,1.4858566648379183,1.382998092449178,1.4586997000736883,1.3438241892053637,126.88817556272997,110.7893662512841,114.64810823854533,114.6988204560271,116.52103522148205,126.85197102263128,123.3226357792543,124.27165680193696,9.049476400115845,12.1749615670089
173,1.54757186688593,1.4732153609466023,1.549225024400196,1.569049656438376,1.44898307771184,1.5008432794542503,1.5206555887058344,1.4198344551682456,127.92732554297802,116.9345931423866,115.09663479522384,118.56907002726854,116.82321586632519,121.58300966179627,125.8095180476393,119.85500714486058,5.319303848892092,13.578375256582165
174,1.501281559007249,1.582961815791627,1.501749068253405,1.4464063463384156,1.5581551730208192,1.3172333988082505,1.468579044504371,1.4268295023803361,121.42378735296256,119.59525600836842,117.07538277758869,117.27205250698476,118.77723089406113,126.62583188633732,127.7763252419544,125.4237221086684,9.172206405957606,8.418902104379361
175,1.4705013282401094,1.6354172105991485,1.5176590060236257,1.7531124534499791,1.3919854322467713,1.3037940327146194,1.5411535860423538,1.3047921086074472,124.52327825745941,116.98250047069594,112.23571333856893,116.01116195525896,112.81290082003291,136.07430589095247,121.27444857442632,125.39549042062266,13.342254796595029,1.4433592558315747
176,1.5686344345346295,1.6345888792625765,1.4982126772118038,1.596058779803356,1.4986321048290194,1.276722460767509,1.61277150469365,1.473864043573954,119.36272400994297,113.02026747288173,113.28467478372555,118.94685927021825,111.46874543369891,127.35866575044851,124.94875006275637,123.43403614887714,5.2233728739228775,8.890553579992627
177,1.5371587638781496,1.6058600634536901,1.587251401671904,1.4036247357930454,1.4738830040361925,1.4589484043024847,1.5523729725921969,1.3463536952586406,127.01022931673133,119.27003124807788,110.02902861973752,125.44888840522187,114.73347310336693,126.44482699991426,119.80423359934632,121.77664107979915,13.022774070896379,1.320309079465252
178,1.5091892688035706,1.4712170302017245,1.4993336651368994,1.610407527449085,1.4725864828607262,1.2679363603111973,1.5393366420009928,1.425430139918646,127.1243360264412,115.76089613671319,120.97524750520914,108.89572460944557,116.54302199332736,127.8374367243147,124.63277486960142,123.23946076358168,2.816165866881926,16.917932142806375
179,1.4874229254965887,1.5706833974564829,1.4583519594013419,1.4010617823754759,1.6035184633534587,1.4550941552328527,1.5003521817589054,1.4079735680284189,124.87435757524197,116.43785374842317,116.04664931604219,122.69963865982554,114.19393839669006,124.76021505468644,122.01177834333065,128.4835769762879,0.610594233439468,7.262086846126002
180,1.528631875209884,1.4784127293807967,1.5563189042742052,1.4379304238883068,1.6574180521916317,1.347431340694284,1.4180545704375143,1.3992395320000495,121.61166290264508,109.27135018586546,114.19066995839314,114.06486213119172,113.75965046200825,127.65469958867038,123.12007620433896,129.4197495488744,6.716996242406822,12.430655272997404
181,1.5326286240593308,1.528752221772635,1.6807099700759112,1.489317790351781,1.5726140859890467,1.3320806968692118,1.431653455672018,1.4065297669238037,132.33578327650466,108.26933513092793,124.6322553329612,112.01659631111784,116.20845100933961,128.80437983368972,126.28293213379939,123.22171967403314,2.097913315818738,0.08104735861468108
182,1.5031915217392526,1.5445071390122536,1.50857441379913,1.5672053944619209,1.6368601800077747,1.3013594636012924,1.426853781246738,1.3188009436250399,124.04748636819025,113.37339987645372,121.07693083458159,108.5991271098813,116.26588173157161,128.1613152599694,121.26671508398857,130.64916610862457,1.279583173867522,16.545931075042787
183,1.5489974320267579,1.6468669325389749,1.4650604015170645,1.8093186714304161,1.3688938521485285,1.2533577649895444,1.500536924613932,1.174655506919913,120.45404460908537,121.20763939156531,106.94959068469356,117.8196452840416,113.32232850709842,128.39646973538422,124.8337499812905,129.05167112422313,6.655169381059335,6.872306147853657
184,1.5497890794600444,1.684370470772841,1.4771828504136453,1.5866344941207908,1.4533604036845733,1.3866788881166885,1.4397476348777742,1.386184087014567,117.7030675089794,113.15170767285602,116.91055902496919,114.73102690882551,118.93196861401908,119.14140149347897,130.6556162744452,130.17853145126827,2.1908438207792016,4.281370693621033
185,1.56928874006156,1.5243390347467645,1.4980906016843172,1.438178900596176,1.427681394481352,1.3451588717125877,1.5211593441315379,1.3889239311455015,137.308777378397,113.37203691130188,118.26642387974078,117.54587735590506,117.83825631762423,120.50908402780587,126.42676917527218,113.64691744596658,8.500041555073802,15.706170621671054
186,1.518277996912873,1.5367492249686705,1.5244701293640457,1.4375596985470975,1.4126230379014177,1.3906075592959992,1.3883358408406046,1.4000393817962897,122.89835893384435,115.09143222697836,112.43174173337236,118.9174138508806,122.53170240591336,128.62272080124404,124.83749755686851,122.84869710583447,13.143079680985954,12.37918590475807
187,1.4536935727424016,1.428265345335608,1.695150904394951,1.5864395898759291,1.5454038064911548,1.3823496945926204,1.4464422435197646,1.3233585361969171,134.84233171795876,113.36972077210154,119.90996890171107,100.92742360069212,117.53694860449106,122.95097457893527,123.39174505390257,121.78884144702755,6.6838649670156896,13.241627036081507
188,1.5457213164363715,1.4682317128280142,1.6317304306331304,1.6125965802600724,1.4829815664780277,1.2447342615113315,1.4606070974474796,1.316182138278224,126.0060978964089,117.12946001859507,116.1594976736354,108.80032765043372,118.93121533206974,127.53220997341212,126.31974194733857,125.90853192741227,0.10600898082582877,6.7066359371797555
189,1.3790577670241717,1.4713448953556596,1.6275788313485493,1.6789909988451945,1.6013650587604376,1.4158937255064439,1.3037437445526492,1.34813800473106,131.58321757362452,117.55883497451612,117.85595120905954,101.24967499847826,113.59388074385444,130.39957324643856,119.97225638055048,129.8195655016244,12.859493539499983,3.6168782398086754
190,1.5065956243130105,1.6646042921818403,1.512906360389717,1.560968985684483,1.5056998054748836,1.3374998595788112,1.4326094500566302,1.3297476169733207,129.5857456743809,112.44081326474206,118.36270903023058,116.14637819368062,115.32179427092869,126.00484898818554,125.70685406570323,126.34632961849537,1.7883381385684751,3.5708858253513323
191,1.3575849349011668,1.504738357660345,1.5691495074373558,1.6758761853898567,1.5485821548111445,1.373092606983339,1.3150682722349591,1.340205494401904,125.1160012141705,131.65277413132685,108.2698407498215,109.4167600551587,114.61230138367621,124.91177424019678,128.08500224248888,125.94559826966545,0.29475158597105805,18.83032468701953
192,1.488527089932353,1.5363340233485931,1.526717241130762,1.4080380047700647,1.5279635105487928,1.5266959390732906,1.470132521641298,1.425037141980689,131.27617511135406,115.50255389855138,118.85218055523144,126.67111141390922,118.28496353518219,123.87597803822489,122.71960738554327,122.59460590473613,5.223802075342121,2.4397350198083685
193,1.5881723695326924,1.6168807899642772,1.3900515961819653,1.6678031885407436,1.3774261347477452,1.2823603641732582,1.5500745769545932,1.3445150912151895,119.41919432299487,116.47755245494967,108.510029494252,123.01231781029196,110.75443246499324,128.30361876371862,129.57349466929512,122.47071145760727,5.216406668961265,7.295757759122758
194,1.4461608864166466,1.5994102159785974,1.559155249035444,1.6194423208519038,1.515491743295709,1.1989120854458715,1.4768892637315345,1.2826715443889203,122.52371790356234,122.63546520380956,115.31176901495162,110.42960520743883,120.50940979755293,130.6761760925183,127.0626367850699,128.752475737473,7.386530975876587,4.561364452690262
195,1.4311583923772917,1.4462776779278683,1.539546621269555,1.595043136169969,1.5803007147545594,1.3308511396162208,1.4497546899182518,1.3249679093140263,129.6348926457917,116.30654693771977,111.6336571737583,109.56886374102464,109.84959809836934,132.13896402446318,119.2407384314696,120.32528079336976,8.244888521664935,12.505488375390549
196,1.5997873411827848,1.5840458347464363,1.475006997864232,1.6142627156492197,1.4992413056687883,1.3829200692767636,1.522522773864532,1.3483202227522126,121.8766079835721,120.95571411804397,110.63931868757949,125.34629147216184,117.41299611365294,124.02088775604291,130.1941039760195,127.59833861962619,3.2131378536465744,6.250496324518695
197,1.6589085769878682,1.5112644921449174,1.6079004193428859,1.653767838734369,1.520949965857956,1.3777792146183183,1.5360632413204465,1.281626404486764,127.55123730982595,112.37166662307845,116.18953006716123,120.04995564144889,115.38495738762815,125.82520566448629,126.78526122607772,121.34022130609095,0.6194385318759295,5.468257709420581
198,1.6146255031158858,1.4832749648072656,1.516877122794189,1.5275611932406916,1.4347923589806646,1.3955079247546112,1.4892496742578591,1.3746217263546,128.46088531454322,114.06218232005074,119.84115519782743,115.97091769691198,123.72206672510679,123.88482820734318,129.412984599582,119.50641999970988,5.561358815762755,6.392293452550765
199,1.3657786467265234,1.525144754205826,1.4341762836994147,1.5215854301543654,1.5535414710349895,1.4872605501197251,1.536595073340862,1.4017313525505575,134.27714161524213,119.07370852702965,119.54247682612174,116.37522613086043,117.09116371455667,118.55600840647341,122.74104485593989,118.240448693397,4.960972579160928,0.966816446675804
200,1.5405694153996499,1.5518836943510794,1.5072186070154001,1.4432121643914824,1.563918012388687,1.295653880177894,1.467796556088011,1.3232889126396308,125.19490528083568,116.97479762494967,115.01596309544676,117.39556365268648,119.40667825803658,128.68556041880413,124.2479534152697,123.85148782806633,24.90546207097788,7.270909853973091
