TRAJ,C1-C2,C2-C3,C3-C4,C4-C5,C5-C6,C6-C7,C7-C8,C8-C1,C6-H9,C7-H10,C8-H11,C1-H12,C5-H13,C5-H14,C4-H15,C4-H16,C3-H17,C3-H20,C2-H18,C2-H19
1,1.551257565043609,1.5439106806705696,1.5316262831538348,1.5271161103512965,1.552445787276702,1.3094876970009863,1.5603608482565285,1.3778988643041585,1.1550431564565902,0.8333670617583832,0.9124706081809371,1.2562005475779559,0.9617753207141418,1.1114883138347256,1.0117379501453683,0.8676528569741443,0.9072949275554875,1.0586509557309949,1.0566320749232283,1.0791392086998197
2,1.6246944544366728,1.4237301573120318,1.5916057142321576,1.4150980460422684,1.4924921880292725,1.354035619947069,1.5415074577051262,1.390989378823709,1.3402616326936676,1.1162665546643322,1.3352070853764244,1.2329668909763547,1.0763864819158606,1.4002964908441158,0.9434356557405548,0.9592425400106114,1.3292554701438168,0.850514526558181,1.1920926820587363,1.26866478012355
3,1.375905966947454,1.6693114916716147,1.4300113002251011,1.7048970494019915,1.4899605802222338,1.1607052258300634,1.3658533991314457,1.2997530325213529,1.015286325458683,0.9596021022490586,1.0131808573416012,1.1526934227346508,1.3116329591377032,1.1257124455853598,1.29037837784938,1.3222265811646998,1.3525616593215946,1.1891001423226437,1.1444237026470019,1.42167396983884
4,1.5397653077307982,1.5668355598470192,1.5998013099241166,1.498411251852427,1.459443339466976,1.4976978178203009,1.512973632876538,1.4026584439510283,1.0704880988824386,1.1780827903646842,1.2508365111896163,0.9812437835474427,1.0239675359661042,1.1293309592087668,1.1154311779362476,1.3334466197762873,0.7310461261114847,0.9395984754571125,0.9836975217927817,1.0815994244652352
5,1.4869533274999622,1.496991302622886,1.5318318791243557,1.6399401245299796,1.4326844691059664,1.3806588223364065,1.3950323120507553,1.2689932055229471,1.0152437023972773,1.3300114503973448,0.9311575765917897,0.9520188463201283,1.0044370179094582,0.9911084742769122,1.3511587743642206,1.3760740517539902,0.750196477686401,1.4221615619634966,1.0989174732913456,1.2060573315890994
6,1.4695163361369878,1.5052468398582641,1.6104596874768182,1.5306442154290711,1.6260666273359918,1.2314160926642104,1.318607480017414,1.3389347644854817,1.237416316275744,1.1899401448783584,1.0767692912500977,1.0182028035594617,1.0059042318748779,1.082934835222515,1.1970506657538849,1.1122482672637255,1.1106904879029524,0.9500535892343345,1.084209002827825,0.8982305577592199
7,1.5948365315763424,1.6404861527026144,1.5157659018342207,1.5430363897987296,1.4875515803541177,1.2280545384209245,1.4482059095798874,1.3839077465376144,0.9758171376468893,1.1774962877712807,1.2861761602941149,1.2996030927941076,1.1021031462942212,1.0755566995388268,0.9201907750090946,0.892558646644824,1.226959837491382,1.2963910429775218,1.1326235597361078,1.333974851563045
8,1.5068516853797798,1.5171457028955746,1.524982366721036,1.462863653559231,1.5296432459233262,1.3968650236852633,1.6653172268085923,1.3924703434312011,1.152370481566766,1.0701180533687598,1.1936197765067595,1.1095890622153748,0.9446579772378235,1.3573731437316383,1.129991006256071,1.082269388937132,1.210750161248277,0.9859295975600308,1.204701135918598,1.2368067083046443
9,1.4977327268542726,1.6122186099359324,1.545595900377065,1.6805128550935113,1.3053810883947616,1.5331686761075647,1.5186097448734812,1.3633715750399233,1.0024956282207567,1.0628001380930188,0.9881752800801473,1.0638654645493657,1.124318194353715,0.8829379543284416,1.1466589559131226,1.2539225289157103,0.930204777054531,1.017494996399247,1.1111102115627982,1.0264604218404394
10,1.4670004811437025,1.5995781092744261,1.4568191946122737,1.584303911141105,1.5046406621288726,1.2950106338301457,1.4492045872307706,1.4445728334079584,1.0152335458942041,1.1705143459627823,1.2570557044998314,1.0737750680445226,1.1491943745403876,0.8752452620574424,1.1583371320774005,1.0351952424207234,0.829712385961206,0.9921805479642697,1.1903660081383318,1.049394213721252
11,1.4281984706961206,1.6734962585152933,1.5600260444379261,1.6385096249623763,1.532559141931677,1.2992462235814448,1.3985862300655674,1.2306390300949368,1.2354338828741287,0.955461623350569,1.1956510922954307,1.0756316656323197,1.1800837723808628,0.9311931805216693,1.2509481061846561,1.178814699149529,1.264746815300109,1.0775611650834713,0.8943501903137459,1.2374219237634363
12,1.6585925300467392,1.561773100095876,1.617430902217224,1.4785971849334032,1.5062381887385599,1.3019029062934406,1.4541770660374354,1.3266355028484034,0.8862225343358969,1.1010963283747837,0.8823108539088703,0.904024803425922,0.8885105091810396,1.1635652704834483,0.8255292783819718,0.9651169966322832,1.077965078226937,1.2908315459584034,1.1804033668683762,1.0637072689210438
13,1.4070506671756873,1.462514158580859,1.5665705049192786,1.3765492730721072,1.584553432878915,1.5949232553649393,1.402062323745165,1.4063714161875651,1.1775238058374864,1.1911435426646113,1.183075515479549,0.9759944457186717,1.0727631183816722,1.1014429815728166,1.0065385960701456,1.186899252173196,1.247936708381642,1.2410980851273172,1.293257884665884,0.9114766048805065
14,1.617684485415633,1.6757303581692637,1.5023604326108764,1.5074730128334555,1.5521950186504256,1.4577359538384884,1.4837384735288326,1.4482435194547498,1.1081697625381077,1.1537412092114065,1.0375043366853143,1.205408117996872,0.93847063393868,1.0798811344316546,0.913779756702,0.930239765024043,1.0740293679944832,1.112823786317464,1.2135297512813936,0.6868898813590715
15,1.569472014803077,1.5749186750205781,1.5148403437580025,1.524237847132918,1.4904754868871433,1.3076607942625416,1.4913908740321657,1.4278438280822487,1.1479405336373818,0.9772594988620921,1.4095475781809197,1.123692228484683,1.2380348317999477,1.0742230933599115,1.0794546505786466,0.8447736172276891,1.1960842490582468,1.3291421766026856,1.032860386920436,1.0579824144080854
16,1.4394273145622083,1.4731578864935264,1.5009239384689264,1.617638797153534,1.5967921417336093,1.2978767129542002,1.4552249691065091,1.324352194899711,1.0656192843801187,0.9805530985771593,0.7739655258805508,0.874073167385035,1.0443511343461573,1.098031988156355,1.4861695799606176,1.4836239830961309,1.2332705479097477,1.161011795466544,1.023288795176291,1.1177765367370895
17,1.4613136360969088,1.4783438271004534,1.6235299793457463,1.504971577347227,1.5016808559275232,1.4352068584866047,1.4610444803573752,1.3836892613211251,1.2391064472015023,1.0646724794760885,1.1379621705449663,0.9647940386729866,1.1027170262987094,1.323145918992605,1.0412178263112084,1.2179138646814587,0.9416669804528325,1.2186623295858972,1.0320964077415509,1.0722631900464277
18,1.603932085782881,1.6504062642571546,1.4566092913068913,1.629084155551368,1.4488668318354272,1.2573307529814193,1.6350302114605308,1.2831854566183134,1.1001568178456147,0.9621807948983802,1.0002527872315439,1.1504195721115666,1.1275413429477332,0.7812071934043904,0.6619882545731005,0.9633890945706812,1.2400092772805729,1.0964315640583007,1.1887785678978577,1.0099689417935875
19,1.4022277710306994,1.5158327555896658,1.4753647337760707,1.6845183101272019,1.4672024373254482,1.4029060701659064,1.379102214128805,1.348090552627272,1.0819898825170684,1.2485331119534215,1.0500981297451084,0.9581690405020525,1.2714115464809845,1.0301433810066156,1.3227918306248185,1.2718428894324163,0.9331540616160954,1.0732631756927842,1.1131043420875861,1.0688792397382074
20,1.4082593606295484,1.5361349788278942,1.5639411449336116,1.511940771296403,1.6165373151300955,1.2888443967665815,1.4413287291384305,1.3521183816665145,1.179945673449305,0.9735786976562575,0.9782549489817075,1.111577663310578,1.147352095284981,1.1467855373065317,1.2525144194399982,1.0600401752534372,1.1835410561166657,1.256738543025825,1.1826760777784853,0.7224400435002064
21,1.4979917449701126,1.5399070262436925,1.5592894155886472,1.5973829653809988,1.5818081153810333,1.4337218972992936,1.4719422881987043,1.2509768801810444,1.1011244995111535,1.0048087879421357,1.0856302150597286,1.0490925593667886,1.0424755108087,1.275748727276044,1.1814931384288538,1.20722566496973,0.7577695556775144,1.174589468935025,1.1559698555537814,1.197337166538708
22,1.553796258957919,1.579860186982561,1.6154382514125432,1.3921009866654144,1.6110590325069398,1.410756061387466,1.3577102661509421,1.391212674199314,1.0815476711617444,1.1135454583175681,0.9785133823126332,1.0541856532197806,1.0326077275983756,1.3393889628759625,0.7700752804536134,0.8189797954936134,1.0088284355418098,1.016190577430225,1.2398667100074503,0.9901615091173268
23,1.4677620040915853,1.6370260099829221,1.437418777155595,1.5266362178466633,1.4986635953127798,1.2846047149076982,1.5063656926567217,1.4029129431638339,1.1202686933694732,0.9857093334953281,0.8841455608917713,1.1999751483351744,1.07715083015389,1.2025238782692291,0.9429812119694757,1.139136483155212,1.4064021605610189,1.07789315678415,1.42485914720946,0.9347193481162682
24,1.5370590767713035,1.4440352165669466,1.5413128242673715,1.6519272268587426,1.4938864231592117,1.2648470616653174,1.4420503533482059,1.2623991475548728,1.0346894963512767,1.1563450125235124,1.0966478719809356,1.0041009768095062,1.2330895736101808,1.324452482196907,1.1284668872015922,1.2994814396212002,0.9621722970547667,1.2011451995817768,1.0730680797321164,0.9115648818051308
25,1.6561934035988197,1.543328789017862,1.5622334436520928,1.5889114402924507,1.3976836972992295,1.3219936621280677,1.5539839517487446,1.338385192271729,1.2014292832780484,1.1551457573172546,1.051979425048278,1.2227669210805177,1.2383434548566377,0.9465475503379536,1.1005725542387141,0.9501238889714595,1.0007663660664057,1.1922310197780117,1.1218805414075659,1.0240760575653793
26,1.431283744570931,1.6333927929782843,1.491901100473192,1.5340775868044132,1.4435396026291973,1.4063046680888667,1.539308107884912,1.3622647100315333,1.1234026678895956,1.0307001657381407,1.3962494366511664,1.1194650903225511,1.2262109583758292,1.2385175441891767,1.2548649298472134,1.2715600962761855,1.1014410291441032,0.927330839815579,1.0207682903405324,1.1400431359780512
27,1.447401828516802,1.6715033072918928,1.493407781896458,1.4782766471926934,1.616292866966424,1.3895547886546828,1.4289097426874675,1.3216186409764514,0.9595856413108972,1.246897483628613,0.9558455636075553,0.9772876070272698,1.277759075570677,1.225119071348371,1.0898862496555064,1.0149502014631013,1.3588609715731026,1.180949963268673,1.0022442251535417,1.0819013982516155
28,1.5484693334767548,1.5110048750597995,1.6164400827501944,1.4251763675395084,1.7895591564279518,1.277802562722532,1.4425721919810714,1.2473708297016908,1.068198917871609,1.0434185031911207,1.03906238166521,1.009240465207475,1.2362208640353964,1.3609704302248231,1.2684078764302331,1.4130788862758854,0.938259625811051,1.115485884638372,0.9907474127991601,0.8688204855540604
29,1.5186748103712522,1.5392740928234676,1.5678253508235047,1.5876386645541274,1.4015881057475554,1.295113656438146,1.5378471149099204,1.4190114818463455,1.2089202214680415,1.1915015091821555,1.3088470964180863,1.2052872965494807,0.9750925154629908,1.0757700410580837,1.3606958467883121,1.1567472773920193,1.0136146897954108,1.0481699136278373,1.097148400644294,1.070188799971223
30,1.4479511567026515,1.5602911565828264,1.570769682092003,1.7085807936740525,1.484312150283117,1.1854655943313877,1.4351918913853392,1.1988697553526997,0.9119566006279357,1.1661194968465554,1.1762464111943773,0.9284237379888851,0.9271465656302921,1.060408172472105,1.2862084925704704,1.2348176693401738,1.1727050349529127,1.2921549814433437,1.0558991402488191,1.2170009773507016
31,1.3923033185794311,1.6013170412979134,1.478736170807712,1.6414505284911116,1.5008068007236706,1.3388812471572573,1.5106658659960983,1.3466697850678573,1.209715464133943,1.0221185251186162,0.9452825179174612,0.9543008540118528,1.10379635013579,0.9698360268201609,1.209972057075277,1.3429453705335506,1.1998808377999826,1.1895002909994832,1.0689499301250607,1.1160758535198647
32,1.4855353993113105,1.488780203656791,1.5970336803994072,1.5707465937357141,1.666981900255867,1.465088875545453,1.368157230314974,1.3494781610773194,1.185490211653229,0.9956125850743206,1.050224090035154,1.0573581007280077,1.1801714845551463,1.0641970622132968,1.132748008702676,1.1025391422923374,1.2006137532830983,1.023247114579348,1.1289819037775033,1.027219793739283
33,1.5024347540011231,1.5136152753334529,1.4735180279338762,1.6216691386193556,1.4954168399710521,1.3632179009528194,1.4793521121168944,1.383067973250352,1.1659309662151456,1.081925193539661,1.0356628393599776,0.9028449776175873,0.8808689595804569,0.9459571558016848,1.4737522360109485,1.424349901774875,1.0506732193423156,1.2961555274555423,1.0563659037756687,1.2315456282282427
34,1.3833357115941574,1.595822567481657,1.5962558247086924,1.6595033196254425,1.5530856871267797,1.3641915696436333,1.4847972048581042,1.4908394566028353,1.1071488104785676,0.9179979023497894,1.0860302651722935,1.2106149601790672,1.1440872543592964,1.2520049307188545,1.1963076719813346,1.1423906326290643,0.8731933343528443,1.0900275704464193,1.1343069213328998,1.0618759807723677
35,1.511558125868888,1.4521792967055067,1.6064951977490731,1.6155199833677438,1.5709717709050408,1.186755278993031,1.6452281423608146,1.3767475616299671,1.187573593787111,1.1527369731926238,1.0713418351503405,0.9516769610791452,1.1708058506219292,1.1103702123573382,1.303169175092979,1.2015157512562409,1.0148207200969543,0.8889404739519248,1.1170565368466616,1.2265557103445397
36,1.467759960118543,1.4904369380574773,1.4984199940954943,1.588355921970929,1.5116022362984394,1.3797253188488399,1.3670619993977322,1.2927197693465398,1.1575770429497485,1.2152036646186752,0.7915965452425439,1.1191692836951597,0.9029940629490737,0.9827233037117022,1.208681790578516,1.201756414057317,0.9872460314053186,1.4059006118639912,0.9007227220311392,1.109453817683474
37,1.4556659736201287,1.5092299850197992,1.6966721989605236,1.642584107112232,1.4483387382518353,1.2898498275871524,1.4582691966842853,1.3102701803441483,0.8619407733739268,1.0353838863063938,1.1387568067201799,1.1094620911187136,1.1395489899912055,0.8822981947666326,1.279030193579775,1.2688291098690625,0.959488118652461,1.2140656378359578,1.316105388562015,0.875896636752115
38,1.5445979637013578,1.5717066885575552,1.4678817900437848,1.6443083024457008,1.5146680349372141,1.222052807940103,1.5048615618756518,1.3696443324221832,1.2179742471748594,1.081458305035968,1.1259290336067318,1.2863051418509546,1.180898189026656,0.9430833739478618,1.2150182443220203,1.1911347988142174,1.255701483373181,0.9163692051630395,1.151325221078758,1.1781357515852073
39,1.5018350858661678,1.5934732221226562,1.5006068264645136,1.4762110125794132,1.6923220395265108,1.1534233314183786,1.459809067354328,1.3063382841444664,1.0632068185949486,1.0671129994443038,0.9892657090408323,1.2134490139441696,1.2295073774107204,1.404605365184536,1.0822046622098698,0.8874281634238103,1.150580547225939,1.144945710715269,1.1048990954928328,0.9106579525624914
40,1.663350463550697,1.5846683370077328,1.6028547461268736,1.4589357315617464,1.5530628044854702,1.4318640130038272,1.597730868899922,1.4042076941559147,1.276807754736495,1.0168993407229567,1.0743836826263664,1.2340882966402733,1.0423699700738265,0.9371036846898819,0.792655184307562,0.8417644414691231,1.094697600268162,1.0668044144416022,1.0193358918737292,1.1278812015083362
41,1.5354963946618905,1.6596370897841894,1.48334853346525,1.5026423255005676,1.3756982898437073,1.4965342629020328,1.4566876857347453,1.3629868218359882,1.1103519332341278,1.1793860546306427,0.8499623648032347,1.072030319886461,1.0629281426718709,1.0035986494961162,1.189517164973257,1.1632542914275912,1.3738365909757215,1.1558030580349565,1.097241585242524,1.18516537251242
42,1.396583188659027,1.5608521042989443,1.589250501475239,1.6868748924370702,1.5828510192871252,1.3399959501921803,1.4736226963963814,1.4304432011800565,1.275322056620378,1.1080581333935664,0.9497678666294018,0.9424148192825362,1.1580930422744418,1.1251252287258386,1.2050828202731283,1.1771676690884234,0.9133647572373005,0.9757256932984356,0.9632180509100035,1.2063670117320435
43,1.4410575027539338,1.5745929964549632,1.568901582923044,1.4965859151667684,1.5834718237987204,1.3479454501682557,1.5218892331128813,1.4317922353454264,1.142855601849385,1.0819090634839565,0.9582748701895651,0.7735316644887649,1.088855327225711,1.1162428695267825,1.068735311294142,1.0573937362898307,1.0000144441356646,0.9453579592765847,1.3593489987409058,1.0686339064672472
44,1.5491394028108716,1.5334158601197085,1.5341884715104286,1.4998468854524125,1.4991260370752049,1.2766473371536424,1.5379843507723223,1.3468625562006393,1.1449371870620282,1.070514678704412,1.6439598068886594,1.1746286668955843,1.0818332256315837,1.285569397811687,1.1746111827455714,0.9990779954081757,1.1941887355192966,1.1072411369843276,1.0581675988219785,0.9342257117185115
45,1.4702683470040505,1.5914096219727925,1.5028134509943425,1.526872880924854,1.525625518852878,1.4261058111356015,1.4480591037522819,1.3404394954341243,1.0887205883353215,1.2357410064726893,1.100209104460178,0.9736075464715724,1.061498459098176,0.9167522457884234,1.061909188875673,1.0832456795752736,1.474528660985408,1.2413606659701555,1.2336513391678063,1.180736071487149
46,1.5661360255672057,1.5383873541905342,1.5186151234818714,1.4862858964137775,1.6654329908256522,1.299379874507425,1.516252933755865,1.3178992081951386,1.300143166462147,0.9995996657442182,1.1969194668702707,0.8630845855039151,1.2925889697705957,1.1222247789109674,1.0617834187206232,1.0153470749445446,1.0803498235476687,0.9460345587498108,1.1935369178889181,1.172111249350552
47,1.5285804868077466,1.4061315879331568,1.488822654141203,1.557369760300671,1.598760701673439,1.363282065684644,1.4257764344750636,1.3841497607989033,0.8662351513889359,1.088769068290632,1.1576390059794852,1.0397087469222857,1.2987978028874185,1.2572051325415106,0.9782717433689587,1.0728854539669557,0.9628832035416226,1.1344987418820862,1.194438100566059,0.9976268821004737
48,1.5354132990195015,1.6729590706472677,1.5020666821749933,1.5098091194662728,1.508291490250039,1.377522616370827,1.4982354170641923,1.4186324540346325,1.0799943435563772,1.0324308163813758,1.0496228370922471,1.082758419611327,1.1062692160274716,1.198264289864073,0.9886031920674706,1.0191845978838145,1.2410573200273187,1.0353924298144026,1.1104783955794462,1.1101341855047924
49,1.498310669452031,1.5472130710060625,1.5720683138590115,1.6496632375559368,1.4682037564529955,1.3124342402845333,1.458995128623076,1.2438635768312154,1.066508406953061,1.1699212595699526,1.069667116287356,1.1207886576199513,1.337437572875837,1.1189518259186453,1.2314490920345016,1.0099962321225482,0.943793808688599,1.0036219821821004,1.0031353100518092,1.4634718680119183
50,1.5434412242090227,1.7000585130620687,1.5277669064900046,1.4811085678717477,1.4404736845854915,1.4609690671090172,1.4400016485239702,1.2374842208581267,1.0279241042969027,1.3781252553295045,0.8369593839620004,0.9889407581846785,0.9420806155736234,1.0847943354888765,1.2022991614210463,0.9912787771840642,1.3407340237743333,1.1570989234894784,1.123521249731512,0.8588077520234647
51,1.4594580591283564,1.5049748109504628,1.5966705757879154,1.5621270611423856,1.6208634328847094,1.1173977650016478,1.5050741830543466,1.335893893588622,1.0044554230163636,1.06560802489373,1.3491071530649563,1.304274263555992,1.0268061809666422,1.0189264197248213,1.359492038517239,1.2626075201858669,1.0242146113728545,1.1958172821348918,0.9770419185244706,1.4159105705649941
52,1.618964860957031,1.5945807658880808,1.4876066937695347,1.4650143823387896,1.4784630082168708,1.4111873250172846,1.4408791925382005,1.3845611560281927,1.0572406962463547,0.9981214666199326,1.0578592349162816,1.1712146914568653,1.0151506397799823,1.4475711537960523,0.9024020843659619,1.0406314779241363,0.912674147043603,1.1530070043066916,1.180262904308971,0.827872745176524
53,1.588538694880229,1.537859417607407,1.5685798455605702,1.4184349261994038,1.577335148948209,1.4106710206647923,1.3565107374934287,1.3303720152214633,0.96761041625126,0.9822525133524701,0.9976252762371308,1.0224447671251045,1.4016993238750703,1.2712194160543442,0.9991146106237389,0.9882565849099106,1.0732722905608927,0.896383458335796,1.1645383374145062,0.8818240632630308
54,1.5830908933938295,1.5552857349880576,1.5302278420794921,1.6153898958736377,1.4455204774469232,1.2668354957903747,1.5448108082230267,1.3038169364073902,1.037069521062478,1.0013161038498912,1.2555345137038134,1.2079412130548932,1.0700238668798698,1.0671133245410847,1.0568357360458913,1.1293217793230204,0.9200022089075308,1.1510612293514593,1.1701772810389517,0.9323893061657288
55,1.507000722902335,1.4475903043676492,1.5210313023923128,1.56925691042017,1.4685338054734947,1.4068750742825802,1.5310337790723376,1.3797413510984002,1.0426360337715588,1.023189574819674,1.2899517356188632,1.2449793202433626,1.2705174139507065,1.1648108557304298,1.22474011975836,1.241890984732061,0.7207798245925928,1.1794452995643225,0.9733676641677067,1.0873128762792161
56,1.5007174094688134,1.5271638865405537,1.5026342997646116,1.331277249743408,1.566260047422197,1.2634011122768332,1.4841892790022897,1.399695824450094,1.123056964927247,1.0550084579441101,1.123801424787829,1.257023282500517,1.0351982628312328,1.3842021505054365,0.9836776148934567,0.9380422902346564,1.1142425631454793,0.9670481886948826,1.0230276818665722,1.1234281662146421
57,1.5131994709891308,1.6385929925512632,1.5637195063666427,1.6267698557664585,1.5301931020210349,1.2986106243251372,1.4754175686415538,1.2900008977881168,1.1672593495427956,0.9059172930492155,0.8838806738749274,1.2084292383814044,1.0379471828701206,1.0832892743956681,1.183531822415847,1.2188668189368277,1.1209920676346736,1.1217706688619162,1.1736475897931204,1.0559448966060723
58,1.4256253404220702,1.5439032704197688,1.5299242823165051,1.6670702491293972,1.4968285304960187,1.2646261615757886,1.3506395292132687,1.335632633213043,0.979190253361049,1.0986076674962049,0.9889438827863473,1.2278057519055787,1.1860511402654055,1.16719286823315,1.322970263728404,1.2847903699065244,1.325658455162785,1.270634206669694,1.0011198587517034,1.1993678157717735
59,1.5039342835408276,1.6262684343466718,1.4624125769444776,1.414694141913547,1.6041951204143998,1.1866282297743898,1.5563898747046907,1.2954941754130413,1.1190221069820554,1.4071946018409596,1.117806242467568,1.0137327145863169,1.2034971933092158,0.979820323870902,1.3707996214493572,1.3081569251821805,1.2170460807556704,1.1789578164654866,0.8765707268549119,1.1228207531886254
60,1.391025880545463,1.5488131913546679,1.666297389004775,1.463326374827829,1.6043806935777516,1.4090855331306678,1.4409438794364415,1.3272552244125062,1.0896823990352855,1.0907692849411879,1.1346120900089982,1.0792953412770354,1.2507993439211436,1.186778719558376,1.32652065987957,0.9831191661623666,1.048246097066351,1.1999223976127793,1.0572635831770314,1.0029980758571324
61,1.632674807662529,1.4901655379647485,1.635427040203997,1.553537274057732,1.6060804079733484,1.4076148378080642,1.4741752006159905,1.3754126421664876,1.0934325026305072,1.0979136085955115,0.9942850317794062,0.6119751660496471,1.3404087665184214,1.4505438203393763,1.0834838897584116,0.8855657761096694,0.7022882282252045,0.9309043240372005,1.0311538284771289,0.8907874341463963
62,1.6263591352298037,1.5013796876732908,1.5578620476137868,1.5398783193564862,1.514024756870996,1.2454036148312186,1.4252392559965605,1.231821265318293,1.1155991661505358,0.9634477321814329,0.9773797949992825,1.0048109632658202,1.2192525257364257,1.1661293952846365,1.1878330642668404,1.260344072137548,1.173898302217081,1.1180054107862265,1.1133941660505757,1.0005612232885976
63,1.5602491196845447,1.615938339896423,1.3970245440947746,1.602061665673476,1.4958121107811735,1.309045399435153,1.4897280845602188,1.3952122502469233,1.229662620974328,0.8892254888458399,1.2770090341268785,1.1488377099066291,1.1802730471865468,0.9416640550041915,0.9428203289619342,0.7382483457435647,1.308384935307379,1.2675384874764661,1.0664701244295596,1.1137083014175488
64,1.3608416456055261,1.5891850009619837,1.512786268057265,1.474083270669321,1.4621368039379645,1.2793755677231733,1.3930107766896096,1.345295481515165,0.9854134470146654,1.480529398479163,1.093955694654526,0.9907016130836545,1.2871371006830465,1.2718763419003598,1.4524698217972483,0.966579034160163,1.5548985403601345,1.1580781360722094,1.2292689604137157,0.8751437779628494
65,1.5110334494291107,1.5097194379844807,1.6066143961952786,1.4797580544413436,1.660582659079972,1.2885318372193808,1.4454612727359006,1.431176839833177,1.0197535245106455,1.207969931522231,1.1141622994449176,1.0830923152544654,1.001703793223351,1.4800630259720646,1.2443524075239114,1.398738359458733,0.9673904079100749,1.1021449213853487,1.0782828849610546,1.1690939051093039
66,1.4972231356411307,1.4315894613069602,1.6095965733336977,1.6275253215540912,1.4897316128565792,1.3394085709761114,1.448863000863565,1.3598043909470003,1.2780769038153588,1.0329584016268942,0.9548139585646576,1.1720933085124299,1.253143221276668,1.3233881121061333,1.1241065068143237,1.3083704437192238,1.2780376368646997,1.1576977409983489,1.0040769857969298,1.2637145552949443
67,1.5379637110733555,1.4830587746013728,1.629363358202641,1.5162849152123907,1.5341009270446486,1.2188509348439882,1.5297022795755184,1.4000533913433177,1.071046466792479,1.1311068141157423,1.1362329791781796,1.1069854382819908,1.1978913135386307,1.407465794883294,1.1666573435797944,1.2057841078152718,0.8681168529615735,1.0415705650927907,0.9823873161766699,1.1172361338937746
68,1.5713969100440857,1.4818922605035558,1.5406477547276178,1.6919145174650476,1.3969702447909491,1.427040704244144,1.3901697824776267,1.3207323876087909,1.1631381079019396,1.174817106551888,1.0702678155720295,1.0661731254718516,0.9899914451059555,0.9505732590636665,1.033308831881743,1.1500369769006773,1.123921294227248,1.0251420982550898,1.0753985516713236,1.044702808607938
69,1.6144135847340513,1.4984070190707364,1.4755420381444768,1.5533235775375602,1.4778086184197767,1.332708445343006,1.5336447402762976,1.3484992249597254,1.0395760085036436,1.247257651787459,0.9350110692143409,1.3695234300993324,1.154900098849684,1.1169623512395501,1.2154841286189932,1.3937845665058888,1.160442393963777,1.0887219429166226,1.0058449256277044,1.1883050827335144
70,1.6647447992394184,1.519295476811402,1.5609196620895431,1.4326811874006993,1.5179413524546288,1.3322346243365895,1.5183621206273765,1.3457371276620615,1.0641868300146242,0.829211081469421,1.0896932247470326,1.1734910504347065,1.1185921252936373,1.1827632672860138,0.9434112716138362,1.0916496384667276,1.1238125387980307,1.0919646924515185,1.210714980330772,1.0544804648638628
71,1.6432290485892165,1.480148617708591,1.5000938328349296,1.5196187211100571,1.484505152086546,1.3866414575858799,1.4888763901085622,1.3878531712471693,1.069321260552414,1.1188124045145593,1.2320715115664618,1.146835637883102,1.0983507206022642,1.1795695962522934,0.8613158439720248,1.0755257218933576,1.0411929340282007,1.1687525643610548,0.974945068640946,1.1447038869049344
72,1.425609956760145,1.6221307278382813,1.6280429864245285,1.6792999049375898,1.4507066635312087,1.362877109268554,1.3909010360079874,1.2911209353681814,0.9524293394104131,0.9149886660556084,0.9607813279072782,0.9621629401247783,0.9988406300300031,1.0787112462741129,1.2015660719141514,1.1232173366227902,1.2195507412861564,1.1284749653955555,1.039716810587135,1.4309812456025035
73,1.4448965052623155,1.3713545753203793,1.5867558510142008,1.412390896874729,1.6180819817745986,1.1951960042330814,1.44458317217196,1.4504382902831328,0.9236286039370711,1.083584350163504,1.146752447453401,0.9945628362298413,1.2286591779249314,1.2821852400168765,1.0522457665774962,0.9427235654150145,1.010423805423611,1.2639098109517246,0.9701899107176197,1.162146949668402
74,1.396681282833988,1.509618878019328,1.707377493543837,1.7375988694571232,1.484576352029776,1.2639610840865676,1.3852486253383198,1.2675628427522858,1.0339288719303164,1.0845505093700814,1.0230990077882436,1.060435043746557,1.1315995279771802,0.8364227940484726,1.0514200736516996,1.0960495080518424,1.1061450620538553,1.1896338646156226,1.1128196423214387,1.0311455796096733
75,1.4469176201936318,1.4669788213899746,1.5909810464281409,1.5339338306537385,1.6381551041316402,1.3489363849983658,1.4251002175141634,1.4148825849565008,1.0344064573433196,1.0049377962623187,0.9527673579721894,0.902919394395183,1.0542408682824507,1.1183969465693882,1.1223856614796774,1.13236562426774,1.2491290068075984,1.2033170392797432,1.135153095566232,0.9680718823678158
76,1.4928276785798573,1.599025774847052,1.6180358483264121,1.522246665884073,1.5332084977631313,1.448788340713499,1.3875432606797025,1.3594175335596161,1.086270827980325,1.2172324874347755,1.1684538928745654,1.016830101231013,1.0602152354974492,0.9464395659236761,1.1298001695355253,1.1487748402087887,1.1266008693093308,1.1369035453992051,0.9571307435456841,1.2512441298425154
77,1.5357368893606929,1.5090301637326682,1.5489317014318527,1.534339788942181,1.503166559644426,1.4583885545173936,1.4289968337020977,1.4741642573664957,1.206067780718853,1.2752347935879635,1.200763815960446,1.1935452925170893,1.118246433016711,1.0435830168673317,0.9776161158860566,1.0374600813946375,1.0657822865177813,1.024739400704402,1.1986299495360555,1.0613027351477013
78,1.5757202572690154,1.6880968391058448,1.4834099212675111,1.6867914435957165,1.3606543960986692,1.4725687830831653,1.4915894278516,1.2782690830155503,0.9311216637493787,1.192299377620307,1.331530133763682,1.2452365594215737,1.0065352281564046,0.8890931412630064,1.2584353906163974,1.0116965474816522,1.1887686041843144,1.2213293077248797,1.2192022571306955,1.2161167798845256
79,1.6247100357543327,1.7148128146911843,1.5724939488823042,1.4830183325254354,1.4155405271945705,1.2679086262741466,1.5933962806168371,1.4344534240714377,1.1891216372972915,1.1488443490950866,1.0166557236275269,1.506204898851152,0.8304996955889201,1.201029915666206,0.875139123325001,0.8196149853977018,0.9243491592763323,0.9519996898538892,1.092386330632049,1.0362386938266732
80,1.4110225279446782,1.521361561343806,1.4341073291705457,1.621450819028736,1.560519718192855,1.3488764258851549,1.4657338118285839,1.3504245856153327,1.1531412656446924,1.090164188399196,1.1870824108902054,0.9740608165606374,1.1605170842868686,1.0220947301378007,1.2591115415643144,1.2262854600636686,0.9176254671590376,1.3027230051407948,1.0546634400670536,1.0396481278774876
81,1.6912198679944503,1.5784019689009747,1.5272170040109645,1.6165566375508074,1.4717938525563734,1.1423546863890925,1.6873460522267265,1.2303831678996549,0.9700821556537876,1.0523196929686467,1.0810204562595058,1.1661309845855865,1.2221836750670874,1.1303354304824667,1.0142429179291539,1.1258615656861124,1.002445561989239,1.0463355900831948,1.1682402835772028,1.2115685680788728
82,1.3974141461047207,1.6919305919288958,1.4523459782478327,1.6514592178340546,1.5475819146851661,1.1505657750752243,1.3884216226432955,1.3218520370507127,1.028571878821529,1.0308278314139143,1.1752321268778425,1.1052650110520683,1.25545647651429,0.9326522189897919,1.2723756257284404,1.4644277651275364,1.0574011889735166,1.1615850326126795,0.9737620927843903,1.418201810423492
83,1.5330711427836938,1.5632592028695003,1.619095109391426,1.5253302349356188,1.5272778903469086,1.3779503983381174,1.4444453845785812,1.3187391637142267,1.1818396586787705,1.1522337324675576,1.2377784815134547,1.0172226826195634,0.9333211242540952,1.4444772006411877,1.2689974788407412,1.1772147348867459,1.0064786254895386,1.0094503453604367,1.1790492447471508,1.0653709346711482
84,1.549895841554863,1.4988358276764446,1.5643834440925017,1.4987263661742285,1.5699645783674878,1.3453982373651214,1.5757283790783654,1.399305114252328,1.136244620306013,0.822991364058871,1.193838209857482,1.0255954759003063,0.9754317784900606,1.3034593171735607,1.2821418859639366,1.102327903398601,1.119807517798361,0.9242398638373704,1.0909095006715226,1.0150462593608147
85,1.6006620201173596,1.6175754958585842,1.5179874786340408,1.5386666142242187,1.390374006897962,1.233465859713376,1.6573068359080223,1.3210069181309283,1.253711397367456,1.0084287474564042,1.1741256057084077,1.1292471085451157,1.0649618968763626,0.9192266418765307,0.9783680442696697,0.9182701233355722,1.3020683904021257,0.9666562857041928,1.05061860348554,1.189512724510222
86,1.6756050844318582,1.5096071850770545,1.55888613595107,1.7192568445906486,1.3163070969542774,1.34193970677366,1.4343230217872085,1.307227088561355,1.0315754164514641,1.0783876299635629,0.9281295502171688,1.2472231692111737,1.1843489783810144,1.07469896835794,1.1051838959322224,1.0941290127460452,1.0983947201948925,1.0755898857495882,1.0831383431499075,0.9183721615548182
87,1.6275067709821744,1.692216644109076,1.519244471504597,1.795746481052682,1.3369329296790096,1.4282048650332257,1.5392297758207474,1.354039304116135,1.3549446202666737,0.8933016919637021,1.1596770192779253,1.1107931241470397,0.9221955221837691,1.0836412943464908,0.7230355979215314,1.023255094683674,1.3301709971495628,1.007997589357115,1.1131665840843095,1.1141236382984527
88,1.5004959120142354,1.6078395542332204,1.593699012549142,1.6285955426075474,1.5018721164915296,1.2231934695927629,1.5033472976121316,1.3636994146949617,1.1052038215093198,0.9186292450102127,1.2740053116650507,1.07087487311801,1.1763932501247674,1.000111429101955,1.0180894419178503,1.0955895278343455,1.3348355189737666,1.1422155918612267,0.9563895763378981,1.1451476249931374
89,1.5569789139612407,1.5029793759867756,1.5608980327803121,1.6804983521326262,1.5642171427207274,1.1829226496763976,1.5009733113117258,1.1970259506308536,1.0170283306113441,0.9206152331615043,0.8198778508655705,1.0477785131535866,1.091248109924421,0.9370044832049421,1.3471752519728282,1.266638152944153,0.9766999938703339,1.0750783369085677,1.0082971519651536,1.168055305295944
90,1.5744858575701777,1.4111173859281703,1.5391446378681641,1.5401251695575675,1.5343927599589469,1.4860262876492922,1.4091406970734717,1.2861831541669622,1.102516012983436,1.0049976945458996,1.2757302794933532,0.9609306224438587,1.1529699768560648,1.149416716315468,1.0124641774924013,1.0214979523329542,0.9837590128220494,0.9474289482431152,1.0074518216990769,1.208039087277035
91,1.4389479860293093,1.4500571522505288,1.6017330697353929,1.573879894450609,1.5511090807325627,1.3320380135450447,1.4677040442042721,1.3746388559380605,1.1687760372727183,1.114010575388624,1.2217748973968687,1.1044005149575213,0.9519531173569141,1.2056608802273623,0.9784327368900986,1.0794073573335952,0.9730590823749256,1.2028119340975925,1.1087331550588215,1.202685838659587
92,1.4253215387518992,1.5276051990359678,1.5511695252300313,1.5598709149263306,1.5374920967871204,1.4510042094669477,1.4231241991354664,1.3350942442591494,1.125071453708261,0.9335897394405136,1.132644198290493,0.9926513485292754,1.2371357784132013,1.2401801839819702,1.0228967176499801,1.1528123267123775,1.1652980948732798,0.967469632624745,1.1937757127433228,1.0673177533279048
93,1.4969747049351474,1.5346493194759099,1.5411228891479802,1.3525979298640693,1.648718223280101,1.4793511343408816,1.291451489873863,1.3896231963775323,1.0811463683428053,0.9515189333967372,0.9488456717054805,0.9748580366162508,1.3429419989043565,1.2986322182686123,0.9922363871790092,1.0182716924664392,1.2211256853187664,1.1632230589373864,1.2439305980600546,1.0032644976691312
94,1.3948007746492277,1.5163744958072842,1.646849174874769,1.4302661301298767,1.6172557942799703,1.4070943993082077,1.4452837361574857,1.4511591322748327,0.9878646387332044,1.1785742155967283,1.10301561513868,1.1469869463663434,1.0110522474804844,0.9713425006338852,1.1577352548834807,1.0639688812055499,1.0577911677223732,1.1762064718253833,1.0499557023522572,1.151125604163794
95,1.6179169913629572,1.64785308405834,1.5683506453909006,1.3548046950111907,1.5565176500459157,1.5402708422561524,1.4095932238390136,1.43653180615943,1.3914968591762922,0.8931861979691904,1.1667138191842998,1.3879463455687684,1.185023378074164,1.3823383997284047,1.1154011912345947,0.9553640634114469,1.2188071872010993,1.1615265056831228,1.3273151593092705,0.8842021354167916
96,1.5503230350307509,1.5491124904352038,1.4879051783787465,1.5357736133876492,1.5137894985939173,1.4389478899426627,1.5463648718384895,1.358989220712195,1.179615257960267,1.2458235643452484,0.9901686323908009,1.2885357602561989,1.2880268339060257,0.984243694957517,0.9159986834855376,1.172467286179685,1.3220157310026286,1.1158956679748746,1.0398618787141236,1.3031956105789537
97,1.4859714600937586,1.7244284775937357,1.5119039249268078,1.475728303983237,1.5041203307167939,1.4190506102330536,1.4685727244486464,1.3308284886942412,1.2858887468190414,1.0552374402784084,0.903529298799577,1.1170532104378905,1.0613477132691713,1.1288495717463838,1.2368888210074522,0.9964980418165471,1.212547174334794,1.0560490338529807,1.062004562900529,1.2328037681401074
98,1.575459622610314,1.5815259043207004,1.6632986847271831,1.6648156721614977,1.447498466257561,1.2664073772764064,1.5069605336031782,1.277712366102202,1.013171966411599,1.1343440129270648,1.1284552360298774,1.2051327862515706,1.0597350181908702,0.7531794609452019,1.1595983808896606,1.2583594113965335,1.1301900563464773,1.1718429502646157,1.1497235796591323,1.1861621388824806
99,1.6629028415705822,1.6527463861604783,1.435855031806821,1.5950099791976378,1.452193063745275,1.3698200998279222,1.583724725937731,1.299088926961222,0.8756978452858096,1.220862868324843,0.8251341896036078,1.0293146809328466,1.1733508568334134,1.0172385221462437,0.6908738618066307,0.8606788974523943,1.1498886172652603,1.0016677598418586,1.0550564905580024,1.252899268261174
100,1.6080236587129666,1.6244538388309155,1.6077230111838092,1.4938068455861282,1.4949787694597843,1.4188460175142936,1.474717502151727,1.348495168718235,1.3323536505004183,1.0615274986404943,1.0579246962377993,1.1366356643406512,0.9767757704995113,1.0260322140480378,0.9644691409677931,1.0313837909669223,1.2125297698976112,0.9515143591735901,1.1009934431136283,0.8792598357561743
101,1.5156989757243362,1.560196821598808,1.4416396735141672,1.5360894871525568,1.3420681627520297,1.4625822312109789,1.5209549869252128,1.3347196346021328,1.2598597469845252,1.0227722222924238,1.1345479698946874,1.2239384972252882,1.2030032020320174,0.8918411524029662,1.1550686493972588,1.3860682947109861,1.0425755574834688,1.176384789669807,1.0821745701422119,1.113758794144337
102,1.512927268277254,1.4387669812479102,1.5914997318641304,1.3457690198054133,1.6283330703604897,1.355800676563476,1.4597980068435676,1.4423892490605725,1.0526309272728622,1.1074309853800541,1.2021386128956657,1.090855034484693,1.1760964101140163,1.3387494672527762,1.0071497007127899,1.0487702418745082,1.0604438037275659,1.0285793825880458,1.221655051763049,0.810928592389849
103,1.5289379720854146,1.5795940439770884,1.5545978875088542,1.529450845531596,1.4702022230180003,1.432811581985279,1.395772594025434,1.4313209661919801,1.3369041696244433,0.7847801404767221,1.0518900151133324,0.9056511858890336,0.8875133089317226,1.2121484626552939,1.1286348535610309,1.0545577720784256,0.9109945942482849,1.0859735374091062,1.066699906869178,1.2676341331206045
104,1.5571051034718182,1.5958609684576166,1.464061754025249,1.5012307344702982,1.4853309763707916,1.3031471383715123,1.5386214663979385,1.2919530977702742,0.8680468075503441,1.1742952582537387,1.023860821280323,1.1525431432988857,1.2073707010693753,1.1123259005860586,1.043748834207658,1.0123454949217539,1.513063046545857,1.2390341197509536,1.0193912198499104,1.1067203676801458
105,1.5714778715584963,1.6178316380422255,1.5287721398316305,1.5389164290268242,1.4961320529599909,1.3757952252516223,1.4287979232174144,1.437372803581652,1.3083360904717596,1.120615954204451,1.2459159997645366,1.1825260910512096,1.1584323893237947,0.7218018642838038,0.9753723110054957,0.9558255811681667,0.9031390587539324,0.9992872316431425,1.3389979103899246,0.9127142729466042
106,1.548278405441448,1.4995154649139393,1.4863648581718294,1.5454695777804535,1.4845610690683972,1.23478116447413,1.542366828340845,1.3516105462455665,1.3440964837909917,1.0475644837057798,0.9082351698038671,1.151018709353396,1.1045310770523458,1.1433203019621443,1.2007290904545562,1.1138136154290725,1.1649643173143578,1.0928636804403695,1.1340277201237252,0.8979538660634184
107,1.4460990732070076,1.522129157352684,1.556356407619194,1.5398830198211269,1.4715463834524047,1.4100312425633008,1.4628161174804748,1.3341764529938063,0.9759058446221446,1.3504282746500709,1.2427983916593097,1.0333952100635853,1.2449425523610094,1.252861425810719,1.0090933770912758,1.04877006167472,0.9182507000479635,1.2066771471762563,1.2866138379480123,1.152729012329406
108,1.535416970407301,1.5428848974266254,1.5951465679407353,1.3403948243196107,1.6081058016434842,1.4630286647552544,1.499377642425696,1.4029112726237436,1.1032736309900777,1.287531987702801,1.1403883254010312,0.7898515143504183,1.1561960579281823,1.076959348080021,0.985471518543276,0.8963422672130151,0.9189800490739976,1.1187479289474263,1.0454683591501315,1.012245736914563
109,1.5555167699477823,1.485611742662107,1.4881150703084542,1.6160321617316353,1.525398811775261,1.2296984640343271,1.5022817016373544,1.2934361421320315,1.1288791944751673,1.0588059687871711,1.0486152927508559,0.920297093951255,1.1786654250067246,1.078486330970165,1.1462938566887704,1.167853149039958,1.1136780902492431,1.2392798691433828,0.9964531394915312,1.1697979792408997
110,1.5032111212657424,1.6722998433484144,1.5108312632733991,1.6359334967813128,1.4795752061178415,1.3760222343934976,1.5505132905908932,1.3312953654850574,1.1172602479199376,1.1063875863403305,1.0295230886043754,1.0771761198792222,1.0893806696873505,1.0838000835964388,0.972509144283142,1.061076887565178,1.2831282118505474,1.2004424805618101,1.139060359058259,1.1281368274724808
111,1.6261458726926463,1.4520791768050736,1.5851626215878654,1.5078431461015331,1.4867965169011947,1.265414743552673,1.671464496468896,1.4502524507651435,1.2895582793446316,1.0540598238328422,1.2544954767443193,1.246281471669839,1.1298855976682682,0.7553046984697112,0.9289600843758703,1.0649353912728368,1.2266051088422496,1.0839160440806506,1.1336174729231057,1.0652979699356768
112,1.4968360189759782,1.517283995527584,1.5274522424803598,1.407805334688662,1.4545055828218716,1.4603746357045815,1.4655691464394345,1.4386055204154162,0.9301216747171237,1.0623843354997224,1.0075360187767703,1.1918615492311246,1.128422546665643,1.0381303148410117,1.3189547416005105,1.117397638390576,0.9563409697390857,1.0250151772383551,1.0428685845477472,1.1222472194870996
113,1.5012759716875073,1.6322787166442394,1.5192691513678012,1.5222305690034192,1.5554536398474132,1.3322055404496551,1.559735143913712,1.2982391443716428,1.025253726640537,0.9606547468542532,1.2115171138452958,1.158396468682387,1.0325233681955157,1.0446166329849598,1.6165742253100883,1.097414829307648,1.5107657798673566,1.1239190219055437,1.0602641668091166,1.1938163568364752
114,1.5374662606090455,1.5464273238768298,1.5544796807189707,1.2744578395188446,1.560311675836899,1.4723320621295692,1.4784416812191283,1.4369138652983777,1.3895873031443216,1.2280120172520774,1.205976222218498,1.2145662651443043,1.029665972278319,1.381199666049201,0.8521349906496457,1.0272223484573135,1.242432163266011,0.85430961645041,1.1630671492632418,1.1262502900666682
115,1.433288262279359,1.5411850734422805,1.5233410976923385,1.6154482183471601,1.4318057955066992,1.3479603368014645,1.3024693556506348,1.391768257694376,1.3845863711431725,0.8663263992581095,1.0494399965886088,0.9743045123698612,1.5334859128677107,1.19896953428578,1.074012876679659,1.2369491977405187,1.1866369572306044,1.1300091656576368,0.9115720909414329,1.209065829641456
116,1.571267330769766,1.6408984685753465,1.4062940943107207,1.5549034061819536,1.4161321527710165,1.3271769383017082,1.4503056313395557,1.32428802677786,1.0132267702230784,1.0188526663539605,1.2225519189704768,1.310291017268233,1.287572950457922,1.1704628505556143,1.0432416325149505,1.05093575430957,1.3511973719969022,1.2466482286271359,1.0048188603077453,1.247463950860525
117,1.4491682648374427,1.5714255569649629,1.6194049095099348,1.5547195596807528,1.4583285591954187,1.283438371089856,1.5542337859518949,1.2608704017982417,1.0870373920712315,1.1005994088682474,1.0968602666653033,1.1812791986886386,1.1699245636431586,1.1337303410348565,1.0346434781431717,1.3179980081910598,1.1837958335426995,1.1124251367717486,0.9904880864475434,1.0268093332028243
118,1.3871342272114109,1.6500499411607663,1.5491027951278684,1.5719430215177732,1.5733373589987045,1.3294693969150868,1.4655004935474079,1.3683246323543838,1.0835330689623688,1.103662907270063,1.1897446630851087,1.0659984708032417,0.9903205341969668,1.0700642146115957,1.0799823224124945,1.0350728363349961,1.2512811394289176,1.1544159556245417,0.8412775518865722,1.4200096531178237
119,1.5078532287290625,1.4894847608619592,1.5239145932902844,1.4183017330081906,1.631884724118511,1.3973216526118541,1.4288077559849344,1.4388862357825507,0.9926831989030862,0.8580754783191792,1.0505284591820323,1.1550950493566858,1.1311778827974024,1.2348003639005696,1.0182102928672665,1.1093798829451353,1.1604994531188308,1.1225296063691292,0.9173221377525171,1.0558497084668403
120,1.5417603113538898,1.5284099050796562,1.5488259456018425,1.3063257807242146,1.5689762066155981,1.2622076294597846,1.446686560972499,1.3978121386254325,1.076064561589327,1.2799067671324238,1.4158582643048863,1.1581827035710057,1.3671273175691903,1.1689973674100167,1.1911109139172495,1.030686525014226,1.173044688029039,1.0377851223641439,1.0247893796953726,1.155998805621321
121,1.4153979050327574,1.68666677880714,1.5165407757511054,1.6461416932974002,1.4814144114930647,1.2896036564557467,1.5353066055915379,1.316329046768377,1.1335873095333473,0.9300657023004383,1.054710595943565,1.2017774886687562,0.9881534784777529,1.147832610418763,1.1766679144732066,1.2102354593137212,0.9803548053081648,1.19113799470961,1.2628101505343565,1.0251844942729778
122,1.55030433161856,1.389050022817318,1.7114014500248762,1.405496207185688,1.6180363384680576,1.3400902665345211,1.5209773687478962,1.4353336755634543,0.9962833129757059,1.1964314305798451,1.0328980075766339,1.0317414451283813,1.051122793680962,1.1720811335611967,1.1519143742711122,1.1541752038249085,0.9032503278086992,1.0279852279316857,1.0684293913311735,1.2669957873066422
123,1.51898132341581,1.4846066920964904,1.6510625721973438,1.4230301166402906,1.543784807361094,1.4117002459967685,1.449696403899241,1.3954542102723333,1.136568273615688,1.3174656128176845,0.9251946920054313,1.1736337943959037,1.350222378164297,1.0244509162153492,0.9437502958791926,1.1546403288596148,1.1024103383349368,1.2649978043214742,1.1579727924505072,0.9748303987700184
124,1.4334184194301443,1.559850525562065,1.610592082447254,1.559582556807578,1.6653410775147195,1.328920109699866,1.4154432123204155,1.269963995278551,1.083281775452095,1.1204732134961348,0.8775851417906063,1.1086169897254685,1.1688044450393928,1.073643875394097,1.0318380032195233,1.0981324267800765,1.2995973730356771,0.9570982971221415,0.9614693506558025,1.4742202134319753
125,1.6663149230949164,1.6162269652170027,1.5915908636219587,1.5166663615166096,1.3785277828772942,1.2520636929484918,1.6140844125199472,1.3877530094159911,0.9930220694964542,1.2044322100223848,1.158325710959228,1.1749440509688573,1.1163225197621092,0.9553707428395265,1.0640892992693134,1.0570459619729322,1.1509455585349797,1.0458604757553143,1.1896092052551785,0.9841175659472828
126,1.6226230727233946,1.608249316402133,1.5524318822974388,1.407518571892729,1.5543707561265323,1.4256846337707292,1.541718658558331,1.3846306982327796,1.0826368399287347,1.037574542728851,1.2863255358625796,1.22763329427707,1.13172765028649,1.2136828628871952,1.1140646721614347,0.9439483369871607,1.0939483245018549,1.1338601082094881,1.3251168879172772,0.7911373121155545
127,1.5757094731255612,1.4795525163845373,1.5653242029552066,1.58322505204419,1.5955672222776107,1.3468706353518163,1.4945335277041325,1.2686694791157764,1.0603999140110316,1.1837831287892373,1.035302030788493,0.9423301727838977,1.147139817554217,1.237525830845814,1.0685437836035039,1.0448993048751936,1.0864508840513347,1.02502322438624,0.9487090464469702,1.3399966155605694
128,1.5432332709356775,1.6914483498842239,1.556254627015136,1.550218320980773,1.4357094737088176,1.2969121601683224,1.5620472746225533,1.2229631820933538,1.1434867224877183,1.1541657421860083,1.2294140806273424,1.0189733170854467,1.1630802360348258,0.9132701733944015,1.067022800513317,1.0035610400284882,1.4332576709191134,1.158563358140109,1.0975646090665399,1.2472843042677069
129,1.4814904750504976,1.6248198637716658,1.6128677720080753,1.60010837135817,1.4928875683742577,1.3406461963479976,1.4314861430975239,1.2864983877909428,1.1700722528818062,1.0426015575070366,1.0457551714452284,1.1127936747763139,1.0771307650202782,0.9659409187391433,1.1912331571972603,1.0172622485330514,1.210377641190994,1.0390564336355184,1.1754935071501227,0.9254178732737603
130,1.54051900697887,1.4979206258782225,1.5616568182315036,1.5188988218758595,1.5402712302178647,1.3657116839360441,1.5189114961242436,1.3811008090114365,1.3380199279586045,1.0043715929403596,1.173534322121756,1.269176868822437,0.9749425301806264,1.0683569459129192,0.9177832504065148,1.4088662952582627,1.076372432504915,1.1752872335930786,1.0647912012055554,1.0131098832395131
131,1.485498911232112,1.5372597081572645,1.5159582361328638,1.663719985410142,1.3316476679962101,1.4390969383934757,1.482195316093956,1.379943100884605,1.0088257160760499,1.2720575576785815,0.9770313662078307,1.0821473321355561,1.259790780142321,1.0957942702521513,0.9975831027059755,0.9436667684183778,1.056403390928851,0.9768664486541031,1.3148003715388916,0.9689790545019599
132,1.5523748735651441,1.5273057257919485,1.6427654183648455,1.5644662859680312,1.5032138575474938,1.419923558470927,1.5148111798565513,1.3676615537599988,1.1299591029243392,1.037411588496616,0.9453942248694454,1.0780706828733317,1.1856805316064913,1.3201971788898246,1.188222612955175,1.263984786771301,1.0984056378343259,0.9616085423961239,0.9814464212728452,1.2198431055938748
133,1.5783009320844146,1.39979842816433,1.5503275867190747,1.4446627288413374,1.607941935485659,1.3235513498189289,1.4862712831372487,1.3734431126516755,1.162280993717901,1.1383059595536595,0.9736853620116678,1.119603902373014,1.1249251399087876,1.2592621657891183,0.981202921659989,0.9950471252020621,0.8857665408604418,1.06002934754213,1.3097067615310674,0.8861559086716727
134,1.5886315834531903,1.5240457782356807,1.512819783921189,1.5318331087398496,1.4446953007448455,1.3449167229552619,1.5282671922920001,1.3601514794186602,1.2176622703205169,1.2921814122412676,1.0607579814057122,1.3549892938367671,1.2570847714091202,1.1920160141719363,1.2476743484250896,1.2653238525618873,1.3231034010085672,1.0079803164549073,1.3595741540766746,0.9897182339819417
135,1.4971076432554276,1.5415544502277396,1.6395807013214936,1.3160303704326848,1.5490704523706114,1.496505615816303,1.5812589993359314,1.3680988343331508,1.1009297057947323,1.2003493549232502,1.1034034283530003,0.9357695652474137,1.203301814000159,1.442555123518368,0.8524839876904958,0.7501295484910577,1.004352412955095,1.2768547954202798,1.1581515832232456,1.079432735844657
136,1.5282087657151142,1.5123689767111528,1.484360672094609,1.4388731673798159,1.4850440960638216,1.465077304938419,1.3860257483736524,1.4120131269074954,1.0857751735297216,1.16536503242921,1.3402793378006637,1.1599980072470104,1.1670037198178502,1.1772135406061206,0.6824276047526509,0.8603024581824638,1.1677644926383317,0.9866271090905332,1.0669000779980875,1.2116364459338844
137,1.4793279399229815,1.586788973324498,1.6192888878109295,1.6739437941627933,1.3637111202199899,1.4294210680050823,1.4063968707836991,1.3238903769989083,1.0671230230650062,1.1628321099809424,1.082562223885944,0.9391098791790539,0.7741507888462524,1.0854235114496809,1.16274711101748,1.1000689405753497,1.216975603761274,0.906154445127304,1.2070871599722148,1.011453826478744
138,1.515126896649533,1.5179577781405307,1.525249572541956,1.6319053323869195,1.4969274765157172,1.374620897445186,1.4999589768310313,1.2233587893423161,0.9283987000516422,1.226219191786686,1.2201025055444907,1.351340719647369,1.1466715830487484,1.063027988680505,0.9182182914129391,0.9509978469268405,1.140405867843678,1.1047451180826457,0.945550059986471,1.3144468279738937
139,1.60837157561032,1.584415817476254,1.5512456861541537,1.5701180517134445,1.490989774481322,1.1809610822958636,1.465584739895996,1.3039277776754168,0.9873148272653813,1.0301900611309656,1.0888220654310488,1.0604785029962953,1.2389017846690529,0.9898662005070865,1.119860396804133,1.0251638429854413,0.8751632262359579,1.2623418827312467,1.063482563968138,1.0791866922511586
140,1.5266520537874702,1.5303719797345112,1.5801542706425955,1.6169327954553503,1.5702672522939036,1.3265863024969216,1.5077702501396602,1.3909069680298576,1.0684756651911065,1.1484508718519693,1.143630409917507,0.9827403755561059,1.0573017380754623,0.8814020405271521,1.1173622196286295,1.160543239189215,1.2118613713625686,1.3005299773156327,1.2158797117461897,1.066371391681667
141,1.4100981878387846,1.507441901815245,1.558030599468771,1.4763039578299635,1.6122399172835211,1.3316293985753884,1.416441097775557,1.4020674135428735,1.0861255037073212,1.0612726052125292,0.8034262632278314,0.9659570604061261,1.2848434224750718,1.0195919092896986,1.3614981186506416,1.0628680723072375,1.0204782933496235,1.1796734518280771,1.0647615493997704,1.0461624693250733
142,1.488542114356015,1.538704089049739,1.5480333384609692,1.4656597114873637,1.504468932439764,1.3378649654126198,1.3493959947920893,1.2963833064330084,1.0187709405476508,1.1611514248800465,1.233029986293635,1.1724401752961833,0.960596598585762,1.0732539606774698,1.3188940666299116,1.0338050242428876,0.8441144867381313,1.1399446284213668,1.3216866123890638,0.9640548831675341
143,1.5010283139701297,1.6396018569860165,1.483730249824237,1.8100174606246033,1.4237672001777457,1.273383968209852,1.4879775378165807,1.342603342966825,1.1901683207542344,0.9694781105127672,1.3597047497880426,1.2341611090116826,1.1712174381125795,0.8777531321067266,1.0813917179729435,1.0954156162446254,1.5543302873147467,1.2448767561978946,0.9857143358541333,0.8631090933457474
144,1.4779045348133049,1.4271243785381067,1.587383066984546,1.4692322925567074,1.5663498563198368,1.2886383212881596,1.5744049022114972,1.4097217457216142,1.1691621203035356,0.9505737895682903,1.245572082637689,1.067134363233504,1.1776753391742276,1.1514168416395536,1.301925011412538,1.2779428685512582,1.1856842553615317,0.8358929853767721,1.3100020029204038,1.1442642613324838
145,1.5899422446593403,1.4755856279269133,1.6225750283289353,1.3879862497734345,1.4870506529336036,1.51990101801258,1.3855990360649748,1.466542567576348,1.1493508743001188,1.1385320119604327,1.205647219061954,1.1778887926228174,0.9848806694682558,1.3377811632243366,1.1884078435927805,1.0425900797525964,1.154419702652781,0.9496979110104816,1.3453844486606332,0.8920945313856202
146,1.5527182393325365,1.5355698218164795,1.435099148391535,1.6348541795098817,1.4394221130384626,1.4438410279392724,1.3766271205429326,1.2892334604289306,1.1540874754653923,1.1168994279365985,0.9513893037857204,1.102369066572749,1.1051928975130865,1.0990210506447153,0.9724057462166341,1.0632623703832622,1.3178616467004465,0.9686459766635366,1.0131264244413398,1.5198202330062431
147,1.5017388704785006,1.5494760460833297,1.5654454541981229,1.6917768927822918,1.5156457928883715,1.293513287303926,1.4876706888290543,1.282342017103028,0.8870523134383227,0.8811115584626997,0.9628801097783326,1.098295578969645,1.0287721012019555,0.9057968353120619,1.1333931227033849,1.1432969568999234,1.0859502639313705,1.2435926779201625,0.9663922062092996,1.2133711117773915
148,1.5376130249739606,1.6574012579951134,1.6163545117220108,1.564694044212435,1.5212921368979473,1.310870351805642,1.6339057420562575,1.4414708692440823,1.110579965900092,1.02400586020072,1.0383132708667997,0.9984648873684034,0.9334583423369511,1.09672638042326,0.9998202395979743,0.8552318925934421,1.2225599352354117,1.105460919715945,1.0321335287819495,1.2210036358040492
149,1.601444638048914,1.6156938661276121,1.5689722805571598,1.4155671477668745,1.3604202747869525,1.3813141854030484,1.5736463531206653,1.3901837915816262,1.2063877117267183,1.1361743405386096,1.1732638215456634,1.2011700562821255,1.1118232430982202,1.3508746080073402,0.9559431080324687,1.040920873048645,1.3200758988522883,1.007561957054396,1.2081731887250722,1.0272526106850335
150,1.448819399399832,1.6073231461270474,1.519692422299845,1.7082357530038246,1.441977685318916,1.2482203031610821,1.4838597932959818,1.3203690103183963,1.0938328728860611,1.0153792383556475,1.0634024755132114,0.8303962180556886,0.9816043915627861,1.0898330101261404,1.434329419759805,1.422138051421454,1.0786881971223885,1.1129813200603,1.1228903269205763,1.026038902813258
151,1.450622172955042,1.3518234203018245,1.6939213005695317,1.427134073382236,1.6848349806937186,1.3999884316097415,1.3783776676853738,1.442126598300977,1.1998508953874634,1.2814933205819021,0.852461530865762,1.0825005065387399,1.0794621409835388,1.2756760565422767,1.2559360861326132,0.998577618260475,0.8574199945524205,1.1338033745015983,1.07628396867908,1.2993285667663446
152,1.525033702593172,1.5681921725781933,1.4722692021132124,1.4150795982133173,1.4744672284572795,1.3665354954995048,1.5090337356612156,1.3631048312216847,1.0122400541694787,1.0790580617092407,1.2164448633048817,1.105391902193724,1.0003568886231708,1.200964602644658,0.9111115416576686,0.8379649794791432,1.1617654237306776,1.0238348182551784,1.364177425376909,0.9858523329177282
153,1.5198603594674465,1.4631185250094108,1.5785612224497867,1.6126912320961153,1.4778376858463282,1.3699575829681168,1.547348720224653,1.3368479681172218,0.9618395951234252,1.2566849207211828,1.256222190853109,1.252511019404572,0.8319693552585736,1.1003252611962782,1.1762274881028574,1.0846027712819624,1.0426885747859302,1.1312563347943723,1.08358742503083,1.0539136753732594
154,1.5658869064028105,1.6165426194985273,1.5103748014555156,1.7090145337640088,1.4058095352127111,1.3288456579904229,1.558419372791044,1.2218084060387633,1.2576638558226763,1.2782393236849037,1.449986148613478,1.2121726929875514,1.0822282428655885,0.9562759552429974,1.2305279542370122,1.2514455552222545,1.223602704674035,1.0530595138872982,1.1690735533996708,0.8594627118494259
155,1.4868143225992785,1.5608143916452077,1.566967442494944,1.7807496765891935,1.4683596991095873,1.2178806865198084,1.3957569193427646,1.3304323762272205,1.1039848480618721,1.1995725751093744,0.9641193063925345,1.2343681700843299,1.002488453856972,1.0327958146372977,1.213196298313818,1.25432357163403,1.1908578282581548,1.138359338002292,0.9564235377744303,1.2599862827238926
156,1.5691256641093534,1.6146294484516681,1.4877588057906852,1.5985521980700246,1.3862058879395804,1.3371779584500925,1.583872673923391,1.4411198967574708,1.3609486038299772,1.1244806399738152,1.1567485351936424,0.8988587790852315,1.1427027353832395,0.914831878981407,1.1359510891416598,1.2935898049166579,1.1501596204566438,0.9875162714304085,1.1277707672990052,1.2678946288838069
157,1.5462566043380939,1.5090084048301113,1.5841717810539357,1.352370398467218,1.5402764136341698,1.4802994950093356,1.345060443242732,1.3827411783190013,1.0490289586334236,1.1126368741429187,1.0879266664552618,1.4175648943756813,1.1691675106347388,1.3555491879302113,0.8977511750823427,1.048802574925285,0.9339233020650805,1.069609591285146,0.9622101616735947,1.2990793280116664
158,1.463463606784786,1.510001096169428,1.5258855371831745,1.4959865268908368,1.6307931835614797,1.2727699915314796,1.5720961573791912,1.4027862955574915,1.1518610989276559,1.1689348311447445,1.4299645280914055,1.1115658837862232,0.9998622255039312,1.4090413908460648,1.1492078241803176,1.2450601709523392,1.1930466426761845,0.964653683093328,1.065052315141594,1.0550548028791962
159,1.6255105678807642,1.676812186459289,1.4526497765300406,1.6925754515112958,1.5020154296878527,1.3797982305336494,1.564532916058415,1.2947898164799523,1.3197086358731767,0.9959216563576203,1.118277763249106,0.7917667677131176,1.0215668883538602,1.016757356064042,1.1750182261597453,1.1227249403619974,1.3121292376537044,1.3239883034194821,0.8801113150052831,1.2327906780312752
160,1.5431866973050752,1.576563816908112,1.4803300064878535,1.5266741459869382,1.618118209182173,1.2074289305728296,1.4905758815393395,1.3349611459229755,1.2319662213827902,1.3332593265489312,1.0231262904005136,0.9754272403423137,1.0605257322673474,1.1444934825283277,1.2557247387379926,0.9915513563035216,1.4747038543622057,1.0148155577892612,1.0936513919635207,1.065318688242894
161,1.5004165813572095,1.6982096156153172,1.5086237483083242,1.6052967059894696,1.414360032092914,1.3508300318065274,1.5268603414339026,1.4270978855612335,1.1416430691839445,0.8625007604079908,0.9056243678714476,0.9888190831938758,1.0797428627355985,0.9561432953708673,1.2396325170103228,1.1597897845059855,1.1443991633751298,1.1067376292171387,1.1422354822826704,1.1444899697849829
162,1.4504864544666023,1.5494480630087841,1.6606864108286454,1.6298498766104494,1.4832635209172662,1.5019483084279637,1.5346031569156118,1.3817473919057266,0.9394491663142801,0.8572877066529246,1.1620169333482142,1.2049475983345665,0.8510908241856439,0.8577758891398459,1.0245021154103238,1.0023068660186818,0.9717379560605495,1.0471678264463933,1.0572805377534955,1.1284490464392638
163,1.415920268599361,1.4338708554144486,1.5707385612462796,1.6769142595744522,1.4544260373320341,1.3154427766467358,1.4688359200030754,1.330869941709078,1.0748802392858823,0.9142886449511256,1.0341933700275594,0.9034507901336076,1.0074118670504615,1.0463011093186956,1.4404825051971402,1.4739456631093772,0.9714277476802533,1.179512222724786,1.0251257090428931,1.1870932866690989
164,1.480096740303198,1.546801195689808,1.5581990384802935,1.5465997044928605,1.559655311272618,1.3154596369524454,1.430381920793007,1.3487526034172497,1.021183650967392,1.1914125189418996,1.2297716452155723,1.2174200253608536,1.1798032685055533,1.172558193519828,1.1833019842779435,1.1240157638919428,1.3374021801699185,0.9359092651709586,1.097943546174884,1.259476343080899
165,1.5723087571846575,1.6188443319957784,1.5206129170626608,1.6402042227143407,1.4233496799114105,1.434091600912217,1.5419043439439541,1.2711329912838512,1.1443784083120057,1.1733559741050688,1.3670623082754993,1.4763539641841312,1.089481098760454,0.7896093993275756,1.173702071385909,1.0114127827811068,1.0506011792180383,1.1784130019986452,1.2826816104679588,1.1850232777524068
166,1.5584492515951158,1.5580182716294588,1.4778416260042975,1.6785668661029445,1.4842788520888264,1.3111750059221943,1.4445307194088957,1.2663323566688685,1.0448462510636212,1.0895949142259727,1.2332366630597689,1.2406547825428955,1.053653302485882,1.1063409327298022,1.2794102842200272,1.310827699142469,1.3445089264093528,1.2927084318794448,0.8879345126688436,1.507157405425947
167,1.492853961435841,1.6761099875641872,1.5399177833395556,1.6481801107171357,1.4438477504072211,1.4547443053868936,1.432573418328811,1.2703830516384431,1.025860803909427,1.0212782389149466,1.0112885509931258,0.9358977952501937,0.980818221196648,1.1329521502782827,1.0927899648768191,1.0520524884569746,1.276913334777006,1.2202306476167735,1.0486342940436182,1.3360814987659415
168,1.462760128169764,1.4972786922958476,1.507879261297597,1.445094354332664,1.5268274491191927,1.3107569524607412,1.5372150543193237,1.49013294479605,1.144554717246434,1.2044308738559641,1.0830720426509355,0.8871681932397131,1.1701719105607558,1.1936278855524003,0.9131738404334744,1.0301320743937856,1.1315396849875012,1.136223142405414,1.0453525030076403,0.9733369851728589
169,1.5248633183103775,1.4590945811346785,1.436508207541521,1.5179978732988104,1.6371629949005837,1.2552030192611507,1.3766166948188043,1.2826470952530324,0.9435002002953423,1.1850173243734299,1.1128297088685704,1.1754090163523963,1.0550353904281433,1.3941004924204499,1.1665023239268786,1.0335533455729269,1.062710127386137,1.0793011618134087,1.0268478633948002,1.1907199800764587
170,1.4200348727681529,1.5224781767359705,1.4958569233327332,1.712482293408162,1.582957979531518,1.3721123282412162,1.400248933012839,1.3617469215720763,0.8207006472562213,1.0613641156900593,0.7568224012429531,1.09560806083043,1.0068143462886896,1.3360276792753083,1.2504840686956644,1.1791311481051767,1.0080855269092936,1.1806418512436783,1.1071325534196481,1.0244738441085475
171,1.4258818747123312,1.5793733096495308,1.487815287155398,1.6583807780730049,1.4974771763838808,1.2666103182227126,1.4255208833686408,1.2551362626199245,1.3119481733751783,0.9768461288228447,1.1687837261530387,1.1092892465213282,1.04032403283831,0.874909154787668,1.3264737397402495,1.140233561175595,1.2769557192200227,1.2357722781103637,0.9803362610575117,1.046778991729369
172,1.546096225700934,1.5572122839431641,1.5706279756372952,1.4950747693690927,1.4858566648379183,1.382998092449178,1.4586997000736883,1.3438241892053637,1.1058092881230552,1.1273186815752967,1.1016525166189963,1.0641204694895157,1.0651857424071416,1.2160348466121644,1.1158411945933016,1.1176939905067622,1.1068698990428305,0.8984025156853822,1.1094185546285864,1.123702056317423
173,1.54757186688593,1.4732153609466023,1.549225024400196,1.569049656438376,1.44898307771184,1.5008432794542503,1.5206555887058344,1.4198344551682456,1.140268653179062,0.9782632142816424,1.0749842816802544,1.1102705812463718,1.0025722260661616,0.782893678806487,1.081802030953108,1.0730576244251069,1.259398756766133,1.215815316534294,1.0329892073808882,0.9640752534608898
174,1.501281559007249,1.582961815791627,1.501749068253405,1.4464063463384156,1.5581551730208192,1.3172333988082505,1.468579044504371,1.4268295023803361,0.9892528441030707,1.1116665797187726,1.119382426871424,1.0807666249401897,1.0570958719190298,1.313947664236241,0.9986968036372584,0.9713135567917266,1.1674376225742282,1.0884113354494966,1.2730558134358312,0.9343611279121462
175,1.4705013282401094,1.6354172105991485,1.5176590060236257,1.7531124534499791,1.3919854322467713,1.3037940327146194,1.5411535860423538,1.3047921086074472,1.024803293238288,1.0442957800168315,1.0457599644548015,1.0684591848176825,1.0591981086633422,0.8823931467867071,1.2050308562495051,1.3457632823416388,1.2772177099734374,1.2605607425288428,1.0592791746264667,1.1304052013569614
176,1.5686344345346295,1.6345888792625765,1.4982126772118038,1.596058779803356,1.4986321048290194,1.276722460767509,1.61277150469365,1.473864043573954,1.149679833655117,1.2531421686959265,1.056144628811669,0.9887801903999595,1.1271720395702498,1.1724397275113096,1.2517785342371721,1.3238206403544481,1.4137380517045466,1.1999365462029838,1.1523164112259667,0.8838132018375208
177,1.5371587638781496,1.6058600634536901,1.587251401671904,1.4036247357930454,1.4738830040361925,1.4589484043024847,1.5523729725921969,1.3463536952586406,1.1009529869814227,1.2124978670583013,0.9294865702240811,0.9137343764389912,1.2651597087253292,1.2049970055998414,0.9283538396047444,1.1540927778678847,1.3622750144853106,1.0718668489977818,1.004393458719201,1.156104424595412
178,1.5091892688035706,1.4712170302017245,1.4993336651368994,1.610407527449085,1.4725864828607262,1.2679363603111973,1.5393366420009928,1.425430139918646,1.1415231070424539,1.0764143615281776,1.1458278111005822,1.4313361215727327,1.2272755459826459,1.2167246225711608,0.8923395732945498,1.0776444714730289,0.9887180180169844,1.2901229703983748,1.127718488006309,1.0445575581224438
179,1.4874229254965887,1.5706833974564829,1.4583519594013419,1.4010617823754759,1.6035184633534587,1.4550941552328527,1.5003521817589054,1.4079735680284189,1.1697273105890449,1.0480641016858656,0.9408149069023373,1.3822319895351394,1.0749424258851856,1.401851054734085,1.1721440572259063,1.2536230508678503,1.1547795752299093,1.216500249203934,1.1900897081671502,1.1228281491959256
180,1.528631875209884,1.4784127293807967,1.5563189042742052,1.4379304238883068,1.6574180521916317,1.347431340694284,1.4180545704375143,1.3992395320000495,1.014585228976451,1.0696009258606358,1.0226609795223431,1.1834037545236504,1.2352795198833575,1.3729643991163678,1.0316713692566317,1.1097015904324303,1.1867090036191785,1.0503689703142272,1.049721430340152,1.1742619741733176
181,1.5326286240593308,1.528752221772635,1.6807099700759112,1.489317790351781,1.5726140859890467,1.3320806968692118,1.431653455672018,1.4065297669238037,0.9940688918089834,1.2491714949966775,1.2869646551485143,0.8802055822619204,1.0088784265050192,1.1405332061949238,0.9536816352030429,0.8938720142090614,1.016004070545903,1.0084904418695202,1.4175230095675335,0.773993031949037
182,1.5031915217392526,1.5445071390122536,1.50857441379913,1.5672053944619209,1.6368601800077747,1.3013594636012924,1.426853781246738,1.3188009436250399,0.9197545120393797,0.9819129873950259,1.1106953917477107,1.1836676613503703,1.1972461934038416,1.1410532897679224,0.9661387994699179,1.1938938729450361,0.957207092999887,1.0510563728958908,0.9998544758602217,1.156458406365653
183,1.5489974320267579,1.6468669325389749,1.4650604015170645,1.8093186714304161,1.3688938521485285,1.2533577649895444,1.500536924613932,1.174655506919913,1.043738919396836,1.1489625097533356,1.0604884092610216,1.1959914390341526,1.2315115313035763,1.0347163923438563,1.2839630976760295,1.2534982814710702,1.2541648465137605,1.3263702095995298,1.0985578887834528,1.2159046891086076
184,1.5497890794600444,1.684370470772841,1.4771828504136453,1.5866344941207908,1.4533604036845733,1.3866788881166885,1.4397476348777742,1.386184087014567,0.8847711484697461,1.15956346307824,1.2604585233859877,1.312713184708315,1.169590364048141,0.9710252477048219,1.1051796661178874,1.1308383226308552,1.2647928147109722,1.0189673887557713,1.0067838671665221,1.252910411757777
185,1.56928874006156,1.5243390347467645,1.4980906016843172,1.438178900596176,1.427681394481352,1.3451588717125877,1.5211593441315379,1.3889239311455015,1.3717223723695866,1.298111002858816,1.0513611616098697,0.9520707121314925,1.0912729979784277,1.3064012227116695,1.0586094880763959,0.967070046281125,1.193305093459975,1.0477730454216816,1.2044697111453944,1.0574888786415306
186,1.518277996912873,1.5367492249686705,1.5244701293640457,1.4375596985470975,1.4126230379014177,1.3906075592959992,1.3883358408406046,1.4000393817962897,1.078148727516956,1.2259684648767613,1.1251916998918206,1.3290074930910345,1.3223974207414317,1.161533770451812,1.1554374944030814,1.0688935922383411,1.1987159526446847,1.1215687160357921,1.275467859873445,1.1545285216062946
187,1.4536935727424016,1.428265345335608,1.695150904394951,1.5864395898759291,1.5454038064911548,1.3823496945926204,1.4464422435197646,1.3233585361969171,1.220905279336986,1.0092606612317825,1.2801347549523807,1.1276432972306474,1.0192512429117557,1.0083913751078994,1.362471740029924,1.0419504729965632,1.125878456469472,1.1109662952248587,1.1647365616738365,0.7023425752197042
188,1.5457213164363715,1.4682317128280142,1.6317304306331304,1.6125965802600724,1.4829815664780277,1.2447342615113315,1.4606070974474796,1.316182138278224,1.1093388186628252,1.10536515980818,1.3517925152548533,1.2040275361014747,0.9704379419025321,1.3091587877912865,0.9982611438601983,1.0394460849971348,0.9514543495404167,1.2912266557474652,0.9840335595913448,1.115423834249569
189,1.3790577670241717,1.4713448953556596,1.6275788313485493,1.6789909988451945,1.6013650587604376,1.4158937255064439,1.3037437445526492,1.34813800473106,1.057604752249411,0.9777279995281019,0.9342961248723728,1.2158853581405273,1.1367108423664132,1.3473956540360785,1.3433535925826914,1.1101668419931543,0.857795966420264,1.1435334303278997,1.2428170477574354,0.8509374087827737
190,1.5065956243130105,1.6646042921818403,1.512906360389717,1.560968985684483,1.5056998054748836,1.3374998595788112,1.4326094500566302,1.3297476169733207,1.0157779168643475,1.2764270369942294,1.1348568907081487,0.9388878982821312,1.1111493440517186,1.2068948186309099,0.9298236638780837,1.1541271923203253,1.105086631292207,1.119884128177953,1.1687104064730491,0.9213917036285842
191,1.3575849349011668,1.504738357660345,1.5691495074373558,1.6758761853898567,1.5485821548111445,1.373092606983339,1.3150682722349591,1.340205494401904,0.9589916309523396,0.8915092305026651,0.8100973936078781,0.9368252908417277,0.8783965066001231,1.2862270200839077,1.3514671209597688,1.251384702503424,0.9817277328356049,1.3157018864171148,1.0002439843005355,1.4612068595588936
192,1.488527089932353,1.5363340233485931,1.526717241130762,1.4080380047700647,1.5279635105487928,1.5266959390732906,1.470132521641298,1.425037141980689,1.14591581292277,1.0603007950462544,1.205207169066075,1.0980440603975457,1.2467260383809406,1.1580758449817823,1.0830148155998311,1.1240944941980304,0.9262661184323194,1.091346575126728,1.2266024306582661,0.9577576825376602
193,1.5881723695326924,1.6168807899642772,1.3900515961819653,1.6678031885407436,1.3774261347477452,1.2823603641732582,1.5500745769545932,1.3445150912151895,1.0842872492526416,1.1831922879137426,0.9766449690778306,1.2421268620355699,1.1846114955023617,1.080343905285948,1.0758396169262623,1.1976836433028182,1.2206557372788898,1.2104740515409467,1.1022345950745802,0.9222228027635144
194,1.4461608864166466,1.5994102159785974,1.559155249035444,1.6194423208519038,1.515491743295709,1.1989120854458715,1.4768892637315345,1.2826715443889203,0.9911279235174175,1.1254201085183475,1.1424637992166267,1.2556365807008707,1.3517432427596854,1.0893430609553079,1.0647090789002196,1.2769687646163526,1.2878724100260759,1.3074459502420654,1.114982198378921,1.2103729736662345
195,1.4311583923772917,1.4462776779278683,1.539546621269555,1.595043136169969,1.5803007147545594,1.3308511396162208,1.4497546899182518,1.3249679093140263,1.0520552041376614,1.1966196656860393,0.9222361468442279,1.3602146077024881,0.9693373039395475,0.986295188843184,1.0565031387224897,1.2167511555470645,1.0117293371962812,1.2142410761611189,1.0725726652621639,1.1005586462643
196,1.5997873411827848,1.5840458347464363,1.475006997864232,1.6142627156492197,1.4992413056687883,1.3829200692767636,1.522522773864532,1.3483202227522126,1.0830124472782263,0.9132356769475584,1.010042823383363,1.1322293855885954,1.056103281308064,0.8906512131245158,1.0080934257308871,1.0467544911941464,1.2942922373757115,1.1653041108715247,0.7784702395923546,1.438586529278467
197,1.6589085769878682,1.5112644921449174,1.6079004193428859,1.653767838734369,1.520949965857956,1.3777792146183183,1.5360632413204465,1.281626404486764,1.1920628584698278,1.21804276885865,1.241272555128321,1.3225512667896846,1.0690873029714634,1.0284081548096058,1.1475742392598418,0.9233538301280553,1.1887924083855268,0.9625777675087763,1.0197503363061213,1.110803208421766
198,1.6146255031158858,1.4832749648072656,1.516877122794189,1.5275611932406916,1.4347923589806646,1.3955079247546112,1.4892496742578591,1.3746217263546,0.8985073465190943,0.9752427402159093,1.054362933846224,1.17673613127922,1.0629806441221574,1.3062635028037999,1.0365400048866673,0.8088945533794475,1.1444799935654464,1.0351921693186574,1.1615594950308215,1.1004024934577483
199,1.3657786467265234,1.525144754205826,1.4341762836994147,1.5215854301543654,1.5535414710349895,1.4872605501197251,1.536595073340862,1.4017313525505575,1.258246111255377,1.1424880547842382,1.0669503582625766,1.0558956291395853,0.8916560187070638,1.1373151632819642,1.0555731382407019,0.9609175858522303,1.1671293670004523,1.1015125430216661,0.9763072277213213,1.1019191539474853
200,1.5405694153996499,1.5518836943510794,1.5072186070154001,1.4432121643914824,1.563918012388687,1.295653880177894,1.467796556088011,1.3232889126396308,1.046831734379577,1.178724160180415,1.2494794020926006,1.1970075303446275,1.0969008212489422,1.017122480287521,1.1600558575769933,1.1122358076156924,1.2293799248255708,1.0357125451140132,1.196553827509384,1.0909935234644659
