TRAJ,C1-C2,C2-C3,C3-C4,C4-C5,C5-C6,C6-C7,C7-C8,C8-C1,C6-H9,C7-H10,C8-H11,C1-H12,C5-H13,C5-H14,C4-H15,C4-H16,C3-H17,C3-H20,C2-H18,C2-H19,C8-C1-C2,C1-C2-C3,C2-C3-C4,C3-C4-C5,C4-C5-C6,C5-C6-C7,C6-C7-C8,C7-C8-C1,dih H9-C6-C7-H10,dih H11-C8-C1-H12
1,1.373320573841995,1.6263286874327514,1.5687665514955549,1.5189697119909336,1.6307115328233572,1.489468466892687,1.5400924454927838,1.4489898671563497,1.0595621117578586,1.1775938519997862,1.1954912919044594,1.1672253002309458,1.083344504412014,1.1084919809349303,0.9965194398758589,1.2494532763351218,1.4333206509946579,1.096273998993321,1.194975890199305,3.2968314810000727,94.56860375003869,104.94334674977856,112.75072481516361,110.831169270929,121.70655831722267,123.83187545557954,132.25241835435045,142.3455618191736,12.424762729448657,3.878214705165166
2,1.424588995472334,1.64464427703249,1.7127735378270907,1.683691809136953,1.5444684107825766,1.4334835786527498,1.7123081873064703,1.4913508386884102,0.9631963016283281,1.0865029088999454,1.095892464786919,0.983431282065005,1.1612342176040373,0.910026908679397,0.9820566504084761,1.1986117494253037,1.0729681143936165,1.122110799416719,1.0705673023945204,1.0313498967745751,109.24501419837067,117.34344213766563,100.82119347390136,110.04290774335107,122.09592244773135,121.32545396152314,125.5163045771818,48.31041317059798,57.35125059277593,35.329939548481185
3,1.611821651191954,1.4545955351511526,1.710260384562883,1.444928011202056,1.6429085936071899,1.558673919846455,1.4231249196192202,1.2796410181563524,1.0429627016220724,1.1904712703589897,1.1898118381707627,1.0574922122371095,1.2423173186926342,1.1576666343332753,1.2504431938454494,1.3203278608754936,1.2548008020528647,1.1638646444842502,1.1870168493877735,1.307547672771691,133.82995058806367,117.96849431245374,114.60680335880676,124.28619433958725,116.20551411953713,97.54570844551026,121.33273555123122,99.34967775749791,45.941388095899605,23.9136208071228
4,1.7734249274858949,1.4192011160412739,1.5799043331182328,1.6672111202415838,1.493041871871237,1.2666891946251893,1.5242072587640128,1.3924809251866062,1.1044180106771309,1.1293865318173846,1.0588595315971727,1.417561947777926,1.1271976031655067,1.116375113304348,1.1640873862669177,1.101718298188819,1.4237213132041866,1.1956808938778634,1.0184494060426168,1.1436560183177586,101.15091577404267,126.12527894684489,120.12206004920566,118.31275928973776,116.39427208081445,125.28157019492654,124.87353591299471,137.4038138381389,12.968548172942153,156.10176039827925
5,1.6690169898760083,1.5415684707462525,1.6736359039759976,1.5705089748516154,1.4809658081326187,1.4356922254878937,1.5067583637487352,1.4276322740664624,1.090136074605668,1.0353166998970975,1.153705775452117,1.070447653741795,1.2124509245319033,1.0921362118277718,1.043345421354123,1.1299493153321054,1.3293392385067602,1.0706731317502514,1.0341394918585272,1.0903182844523436,114.89159872629553,136.92461789707082,113.44324445079626,124.70192987277534,115.3295475738004,126.23931413700922,110.4150485118184,66.87849650292075,2.960237323703169,45.04595782823172
6,1.5972901627741907,1.571245944240647,1.4657164961264448,1.6368714866096366,1.5574187324843742,1.3687958354930772,1.4630731583898824,1.2967467151976146,1.2459711385356618,1.1550407832385061,1.1690817729381129,1.0348871599032936,1.0826250659788763,1.146141931304963,1.0620348163304316,1.1311685334131427,1.067439953112442,0.9857104641171034,1.04820536695049,1.3147469814967092,120.31121813677038,112.35202676679059,104.15854897255592,114.13686576373294,114.68129166493898,128.70306945840034,132.14702673225182,122.13964228029897,107.56886519597799,31.750422531757234
7,1.6188483211279534,1.5238285687122262,1.7796953398691633,1.4205514807165374,1.389091707443374,1.4618644721428766,1.3824273213210103,1.344303922046146,1.2704227327832847,1.1585920260332183,0.9801955080585459,1.188656359058569,1.1008458358537314,1.1241221940473485,1.2759431105571224,1.2555019098950109,1.0402019117668566,1.0033121050547331,1.102470136328239,1.036478318759169,119.11805198456045,119.25761523125551,109.8601998656132,113.8301861617536,119.69760755503302,116.79941660111206,135.71905284958277,119.3153958220231,103.17264338878114,35.35258745477605
8,1.4959052716031178,1.608775439522365,1.5324114489030798,1.5579741823305553,1.6674775098470924,1.3281645186332307,1.495718199399813,1.3371470539701797,1.1228739438597224,1.0749796217632683,1.1468522041806992,1.0939412465016478,1.3834159721569448,0.9986953895208045,1.1144862168244816,1.0691303921754256,1.20520401110812,1.1356185834525667,1.0808881777237802,1.1978892971972857,129.6992759017111,107.90440470415564,117.62879437783751,114.0350947526571,127.33766581894548,136.2030459119435,84.2465268005927,115.3586203590875,40.715976316546545,2.038012947757074
9,1.5737172206275178,1.4799599197934619,1.5713403841995994,1.587397493846159,1.6180215999885834,1.4693061839011619,1.4232661717305075,1.5513326796869034,1.2069371546690872,1.1098603819902708,1.1025992574009493,1.1236580469378452,1.041142781772568,1.071100132902112,1.0638650426722864,0.9839609578775111,1.2367864492618412,1.2243652474321416,1.135197685831225,1.0993075245060795,121.1054448757552,113.64997818243464,126.09510214400942,107.31795325518685,118.57112217764086,138.5595070527648,99.95181500634455,118.26150989850075,44.798786629373105,0.8736793245519631
10,1.5552319526460552,1.653373954504577,1.4648273862824086,1.5007488318455162,1.383628711153854,1.4941631038265455,1.5106579148385675,1.367864785261758,1.064218066138014,1.1050756678415272,1.0114978651585844,1.1183060942489427,1.1077997991448998,1.1560860488868236,1.0675936019898542,1.1191011959563173,1.3390661559480745,1.0645029833241555,1.0700503891608097,1.253451845140642,130.06884330075238,130.25688553579627,114.53315111740004,109.65015998340404,114.79149068190696,110.64918573520835,88.20006845224461,145.16352735792992,48.76805299116004,20.542058430918026
11,1.6114905743123302,1.618477900877446,1.3984977746785705,1.6734515250569213,1.5605158850879997,1.5850902799323094,1.8276628208610166,1.3653821183731014,1.0090034203881497,1.2438360888128408,1.0945360135644866,1.1189946391232002,1.0811065739402461,1.087807027097692,1.061216499064297,1.3981295619986018,1.0425523173971487,1.1119832980457736,0.9738516819736978,0.9633518338071255,132.0748818778926,110.36720225829681,113.01788367634559,123.70479122379719,117.14624825476604,124.25456408959096,80.13639380680324,111.57445888816395,55.15534856750278,15.674675158410814
13,1.533378949982313,1.8247532919643399,1.6000043325570024,1.6765798130612126,1.5190713726043648,1.356609486124649,1.5889155764480343,1.2838007047223836,1.1711655303517967,1.335102588167488,1.2162044606342528,0.997482707737545,1.0568319954385346,1.1103056280383599,1.0350991848342468,1.135555223978697,1.0109023183870731,1.1146278990100995,1.2017248588865594,1.3304994123514773,124.56708638323742,116.67659629809451,109.40899651791645,117.39599488711248,116.4942075441374,129.6035802359049,119.85011421093148,139.17317068439579,125.0099570642316,0.4109961084283499
15,1.4967341087647335,1.627080996511985,1.5300484742402867,1.5179247177190673,1.5093985119650444,1.45890483952402,1.5873645653902178,1.44282117247622,1.2922225923228707,0.9518278279069589,0.958046486409138,1.061804347549877,1.2833516814001749,1.1026221531897729,1.031741164639995,1.0492528284222564,1.1267989415512634,1.1767144998720307,1.0575225289816286,1.0554942382585464,133.6099122092557,119.64835989405915,126.80680499422563,114.593595662903,98.26088880289413,129.61334755100327,131.1364943896322,111.85410887584902,65.45272482893961,14.616863897005214
19,1.7039081579755984,1.4905745627540417,1.4467103716882599,1.4595474113178333,1.5938091123052893,1.442687545498307,1.5312254102728442,1.3134503184012833,1.0369201268740798,1.133959045503779,1.178029499739534,1.1542978281538765,1.1078542766709576,1.2307909327616935,1.024512276244917,1.1149881666680714,1.2978173651055696,1.0955017592901122,1.0416797250088938,1.0346119168496064,107.11063716135448,112.5038289784845,115.70764600245356,118.61686720161498,122.26681213830075,125.67274393622452,119.23970020781128,139.21672046318437,106.77014816649827,24.965125291353093
22,1.5495566260581433,1.5162965998563387,1.5742135829468096,1.5887446706600405,1.5982827628601857,1.3208461584276265,1.625204275363013,1.4260673926640184,1.080496434380821,1.1378801771212836,1.3241773684473572,2.466129471917416,1.1354554950461444,0.9824914155218486,1.5800422011740622,1.2182577567202326,1.0610355672758383,1.1470165250616107,0.9846170347847125,1.1723829565134543,164.16876928637112,107.60394986669944,125.6026955595832,121.52461625338437,103.22608765585514,134.80216800017018,111.00947197158663,109.19247053557397,5.399259642976749,92.02299749289561
23,1.6060200902471549,1.5016474334188168,1.5865066897459543,1.5312296771627751,1.3934330208691839,1.3980107249683438,1.40675278082678,1.3587073495154063,1.0551040734892116,1.10425908810515,1.326372060808118,0.9903853640310669,1.1185292065303527,1.0750713710697881,1.2687350600469212,1.0331422028144244,1.3537469374841342,1.1198493791548905,1.3414126199671292,1.2103690974601984,131.26159217123808,129.01255719489765,115.39633829169938,119.38403088286303,126.52131808061243,122.27938935482217,99.51939551438117,138.32704476289527,29.823697537204193,48.93404604449619
24,1.5458552250857387,1.5652374211773485,1.5834545565675988,1.425401102712215,1.6989310809484903,1.5002898772796505,1.3932682458409094,1.430668197818599,1.0238862918510145,0.9819205376228618,1.1188913562839304,1.1209206444129063,1.1610351349314827,1.167683858304384,1.0860322723855174,1.0433094969296968,1.241797982354393,1.1509886275373817,1.0747249024940844,1.1382479456708774,133.05786271064733,123.34503029625829,117.18856971286475,116.98721151679919,117.24127599451924,116.93141691685571,88.94312110289896,143.24525438989195,37.14855381517938,25.795420625901382
26,1.6522647651111253,1.4924765480621747,1.5651584152118494,1.6097847172998212,1.40508096238416,1.571723585207812,1.4152656346084285,1.3116330270110672,1.0748381997509642,1.2155945616606236,1.1750426631989561,1.1377206101275918,1.1801751332122812,1.1568037377373603,1.1882715234895147,1.158102315231171,1.0949228098016819,1.0734589139188737,1.0359349484266804,1.152927765462467,129.42791468824637,107.12889861056652,120.07817867500731,113.94168896788207,109.50355584814656,112.84851413726913,131.11754365370862,123.02163540194398,105.49308309352472,21.15015001718028
28,1.496180339164444,1.5309787582078291,1.6621058865562022,1.7706762871168433,1.5615840021810752,1.4184668963863387,1.5775134194286156,1.3280044186170856,0.9560153329360822,1.2337326290778234,1.1016094652040826,0.9777538116599797,1.061867783759517,1.2097594770281737,1.1347684488227974,1.3642041838198158,1.2056417710749454,1.0474923700018086,1.2451175133447137,0.9546296386977295,117.68312403821474,128.08277199348504,135.6809637014188,127.60240601990823,106.0827547100186,113.21553955990044,118.02100769804511,134.2450756355152,84.75360584783175,19.461175102458057
29,1.4739736337736473,1.53700997902533,1.5534449765722718,1.6948661448800284,1.447789994836626,1.287940386233516,1.4851035443148999,1.436790907023607,1.01188387844016,1.1540214388559307,1.2067930285389181,1.2410640763478056,1.285819944359788,1.1201735310298737,1.0090841119998748,1.1230621178900666,1.1177433437202882,1.205055126177008,1.1028143158600048,1.084276521090479,120.55505840602476,141.94762361956955,124.81878873118835,106.04536526158545,113.56231609233268,112.4695423513214,131.5515205025452,115.2108221590439,10.124544576271054,102.31106625831872
30,1.3507188133448869,1.5029587201695331,1.693831123290485,1.7193300582685118,1.3394419895147291,1.268703640933843,1.4913650984010385,1.3032601586172194,1.2912410191042467,1.0911328431968017,1.0995111439065146,1.0797031437261062,1.1054338211374608,1.080048084081482,1.2020815394837863,1.1580015370176349,1.1683621789291188,1.2703884352358503,1.0936000347225332,1.181859995088526,127.99706196451031,122.8658101142196,113.18946796403173,112.61465112204544,111.34665282036474,126.2265685149983,113.19134753568274,133.5716225320128,4.252033123455409,109.31792404726116
31,1.5409843614559453,1.645604376095822,1.5292601240126003,1.5518649996677358,1.5306833630826737,1.3011766034361414,1.6590272921054985,1.488489592611022,1.1830632770756297,1.0782954111793464,0.9660828723595859,1.041626840017223,1.1424059829422475,1.1037417597441859,1.0939457606680099,1.108732826145925,1.1586119465478972,1.1733041253566507,1.14172944622167,1.0794208632699005,113.30435804252545,126.45156766724637,110.74527034165926,112.17964762442239,110.99822066970562,125.08623780809937,117.97715746134965,82.57424720924979,19.77605801445502,46.091562656198164
32,1.6726242651048673,1.5739141326954695,1.4811464637230722,1.5358490770890167,1.471493867312219,1.434915754058785,1.5547018568005513,1.5050775749967344,1.074200920282867,1.1789121974188792,1.1081875782714645,1.0757097826758737,1.0385200769437244,1.1995993540496086,1.0914602464718945,1.0527591049699951,1.0944234830965751,1.1779751681331625,1.1390747101443224,1.1871838257521254,130.2944794401481,118.77242651591769,113.3613698286389,119.12049191274598,109.37782857278587,139.16708105241784,103.59712080937807,72.93652941443558,4.6754564988707905,35.23385472906019
33,1.5067256621905278,1.5438990765752627,1.601653949143518,1.5449796194605265,1.4890453288908867,1.410459865384198,1.6200932118573912,1.3371179629701988,1.097689071191359,1.1579437632126188,1.1971629161292934,1.1319030212886954,1.0016126946029826,1.1540433837861972,1.012987802359847,1.0569521434409825,1.1923187953348915,1.0568345187105133,1.0481105004255382,1.1404408531281962,114.46897035623222,115.90550160042785,99.74875799195355,101.7678700941165,120.8978520385405,131.9533770685265,96.33901042347284,130.44238621342723,150.81691366713378,0.5609796253165062
34,1.4437079307236527,1.6540767829071492,1.5271213149601455,1.5687104731687622,1.529863283557313,1.3552088215959712,1.3325174410272649,1.53495911244492,1.1253422446900079,1.4088392178782425,1.079165985714052,1.2424602956453454,1.2027644905334782,1.2172286585431524,1.1591081698030459,1.1227347583946254,1.282764112831133,1.073457846073887,1.004643810941562,1.0143418064658738,126.4983410848488,113.00033446159772,110.22727612026159,119.76760710647414,108.81000111182823,123.69945409721736,136.62192979477803,111.20197765834561,85.56430376773636,43.1092430823418
35,1.5060387114840428,1.4388314534126416,1.6189983463323234,1.630038137949321,1.4877515093382063,1.529239116765737,1.37246098509262,1.5887525298247982,1.0647018013631318,1.1416846213699376,1.1035230826125955,1.2994341010431718,1.1014647552038004,1.1624261576526986,0.9434160722062145,1.178090654466282,1.0657057954715723,1.0970685299876064,1.142021147867739,1.1543359448168908,114.99813425962255,122.76317767776887,105.55702543080038,121.67005880039127,119.06030059755044,114.71145674509327,120.97712812334068,68.42476469082004,9.490597340027769,62.76899283658173
37,1.6369422490274188,1.5741907881239148,1.440884137661303,1.528796176096858,1.5262680520083831,1.8740316109883586,1.4725116949716202,1.3801352257149784,1.198743627603897,1.0901739601960094,1.1107657977353194,1.1288043523257567,1.036498966147141,1.0934315453543908,1.1366075399755187,1.0659613813896798,1.2021176074681046,0.9797036049374802,1.050565116007451,0.9907981369263201,129.47537797749285,99.13255128217955,111.8034471031499,118.88534670894543,114.4654743910428,106.13940662794414,131.4418317020241,126.2862755762296,165.6487275099322,7.742288944062137
38,1.6556266540288367,1.5835995735357742,1.5104794678477609,1.4935111711525753,1.5786271553940525,1.576097588938267,1.4133870576061618,1.3431084970728997,1.2143364531292735,0.9587299747745647,1.0765002082522777,1.1701658679230256,1.2271074668567492,1.1102566966258445,1.1567096578129803,1.0748272957756184,1.1339827969207523,0.9702817061829585,1.1251191730070174,1.1731698263549541,130.77112186254254,127.99939978880313,115.66891485774278,122.18118307825584,120.75426145149383,122.20756621347742,89.16681382254882,145.157851834958,70.68145208619991,3.146131617129067
39,1.5625589037119771,1.6324748014557828,1.5689332656151531,1.5302548547308679,1.9939028846188493,1.4970473349774058,1.5273819716779846,1.395403701735123,1.2287861024616002,1.2354750605889573,1.0339808129377999,1.167090717089776,1.004695726988118,0.945841882188033,1.13438623339273,1.4646903627761587,1.046543071546694,1.1450440510975093,1.007732515250158,1.3331391462314635,122.4359653484881,109.80805448718415,113.31933331448435,120.49094437223249,115.23354627666637,100.03760370673902,142.96444622572923,125.40190349768314,120.84589161877078,5.992097209352424
40,1.6314245731960941,1.648952434378975,1.5137176330324567,1.6263438396542416,1.4886144299278665,1.38019850967975,1.385023434587974,1.4412573489791893,1.026619500272178,1.2548826768515795,1.2358752598874643,1.1667875123592004,0.9809289135062857,1.0981132178690844,0.8925629169687226,1.190627698361735,1.1197626528600095,1.140710796586081,1.1066315690974617,1.0512667677286005,133.42041591418405,99.25888339652164,124.0721183210012,116.55502103395581,122.98921018263354,142.29689195414647,122.75393796867708,110.8044339925113,27.653214767250205,77.73789783381112
41,1.5149860254625767,1.5300761619784597,1.6056518212344428,1.5713614867935897,1.4705757721440922,1.4140567753621842,1.4094927174622924,1.453983010596208,1.1819716652628225,1.050994265670845,1.5198529687561948,1.0450983626678958,1.207636939039905,1.2591800920102159,1.1002146612705324,1.0765963824880733,1.0724516034510132,1.2223163190583788,1.1432435626128954,1.0337743689256358,111.63855354728929,124.66820466456586,108.42827612911304,122.26114908775045,124.70297511802086,134.29664701232187,116.45786949439125,143.53391760049436,12.078733470546522,108.76198594008362
42,1.5198243630418533,1.579120653193304,1.5657962759541715,1.561219740866786,1.4423937062607466,1.3813261040782252,1.6598753598156588,1.4136078579968927,1.3546477856135708,1.1158621094403722,1.1722765921621852,1.2224958792296827,1.1420213248089983,1.1210429756145643,1.095862969578124,1.084431963457527,1.0979490283144764,1.1249931386093568,0.9778645398094121,1.0702189635279424,131.96543884435886,131.4755573440762,111.76617120359808,123.01167595564579,114.49997597307424,122.94658570358075,92.06277954071378,127.90225417564315,45.44572247512898,9.38847831535614
45,1.6633276337885234,1.5211102876565923,1.580664091897404,1.6211402578619738,1.4734289989607303,1.4443601503769257,1.389094386244595,1.4367120873167678,1.0964137349038874,1.4149848505241351,1.0254223219147156,1.2177132495384353,1.1543378625727605,1.1372659316917204,1.1010514442019823,1.0638475020068499,1.4611533331537798,1.0177272028680544,1.1784509940497556,1.1987413993448965,129.5443127752479,130.88000992114425,118.38660334391886,121.80105954300342,106.1631515983531,136.5349145659137,124.8995143708097,121.5017166803905,121.35026870084936,10.125433191459662
48,1.4425166906661462,1.574566332928978,1.5720132267208493,1.491750585712007,1.5218764730435494,1.3375453313164567,1.365666237920862,1.5637892003911145,1.1120470061856347,1.0684474628497993,1.1133374687794408,1.1540704357650498,1.0355474951711265,1.166498971857422,1.3014683761257646,1.1712486696250506,1.202741084466177,1.1189525632532784,1.0516065391919234,1.092370087531165,131.5409027849038,118.89062539576337,122.4307873361783,105.92303335743799,114.2319651310257,125.18736270141416,117.56578638768637,93.30602758518333,33.37506378926342,57.30667005868869
49,1.459516668500866,1.5535153490469435,1.5075892468175895,1.6748986539377237,1.4968073544991247,1.3473862566735353,1.366674051315759,1.3449817405919249,1.1268781003500203,1.1365546379232532,1.106923622409848,1.0804075827676014,1.070595708117203,1.1264289257370974,1.0678069084918578,1.1358017352505665,1.1578596806422958,1.1130648818905289,1.2628105500519529,1.374382584974164,128.31808298820064,119.09935504429129,117.4448509206359,109.6264392267212,100.71337787261325,129.8084011596124,125.71691693217052,134.46568880026535,130.85967095964386,9.488179267731468
50,1.6403125635057347,1.658507753316122,1.4640168163823204,1.6887423113435656,1.6353739803152154,1.2856981674353116,1.5110204347824743,1.4413709509520343,1.1183049960262137,1.1531443662244278,2.501425585011324,1.1321364131946017,1.0395087895875261,1.1529966243770475,0.9946907992728168,1.2013054269310581,1.268286347837905,1.0610689933173953,1.0456984662421864,1.4322199907717583,103.11188404687546,120.00179019720406,105.4161664505982,105.92179812155561,122.73755401613386,122.22364032640374,128.21857148608828,141.01045665470238,28.87948790735721,134.53996339060396
54,1.5157848064454977,1.5127132396847232,1.5604953849775303,1.4834536438663835,1.5074040520235568,1.3691195148741977,1.4255415329591887,1.347890580287823,1.0813871448027714,0.9651299401007174,1.2284190958147225,1.164433566057954,1.1468091805762848,1.109301759633812,1.071707907641286,1.1042498515217967,0.943927312759099,1.1456611241558896,1.1657838287896027,1.112046573407295,124.75307161145965,102.8820073654742,111.87974638265385,122.44643069658025,125.01027668495976,137.31773063289384,124.83508333067445,92.44027874872454,3.2383334394814214,41.27985213722324
56,1.5472305067171532,1.583785926693143,1.338597476000176,1.4781106440846072,1.5431987575839992,1.4132292351729834,1.4913792707554634,1.2684045813099378,1.4077522104315312,1.2758736684173133,1.034357452779964,1.0857317117028893,1.057360577502444,1.0490090904136804,1.2798086788257703,1.1192725718676488,1.08846554818007,1.0260199567810624,1.1336430171779848,1.1306432929603976,139.03792701062923,112.3210169165265,121.18154697311076,114.0129917236613,109.82045915910955,117.02809302204058,123.97310634599192,129.25059533791963,111.3608716805933,4.837933188719883
57,1.6571098749690254,1.6830545920312483,1.6831004941009604,1.5654441512397304,1.5340022255179993,1.3034924912910695,1.5146096032783107,1.4813634795993067,1.086781727260817,1.1273479872617944,1.0853165765745973,1.203964644172674,1.102886174921111,1.1643702359948271,1.1168297016857929,1.0472694827837794,1.0055887721580072,1.0563928275212637,1.0261521027224059,1.16062293467273,134.3629484265306,120.22744989127693,116.6319650165763,114.94376570760845,114.7343776533455,143.87814362467975,125.99198459969622,91.17414473249755,9.735146014323105,56.17134913079127
58,1.540340632173386,1.5792062407530039,1.4949780728294388,1.6187375552809413,1.4777771333993877,1.3803944825665342,1.4806155037585893,1.3978018469483249,1.1712752683597152,1.1416583635570041,1.1847324504749286,1.2692086937607736,0.9968692403436626,1.2172790052864015,1.3688235995979288,1.1341654207324645,1.0606261667202357,1.118051914211014,1.2397300595226513,1.039092257321771,147.2178236767597,117.76682294811035,127.14857319937944,121.17773861146318,107.12163755348283,128.43818762721247,121.8014124823624,127.68273228204572,42.13544081056749,98.67118555650995
60,1.5225826464577008,1.5834887439575982,1.5848120441932203,1.6772575233234468,1.410548017635338,1.495517490289305,1.4028530643362147,1.3799986626185454,1.2612292248515378,1.1577928086096527,1.1535206631320145,0.9977031975526915,1.027743018555509,1.1740202606180181,1.0814579974769507,1.0089316910762898,0.9660733911983006,1.2062939751700974,1.0942628544376998,1.2214184693641286,122.7692713054234,113.65432066062343,119.8628734241661,110.77498275133206,97.80913537928603,132.09572740881467,115.40998975489578,128.0808185728424,52.22912179032722,20.532727714488814
62,1.701288907729465,1.504869765464242,1.6311793462344866,1.66260655586321,1.4100654651921034,1.412843440168723,1.6117419707599763,1.214787055322069,1.1089164232173176,1.0669634706076534,1.059889827832078,1.1345496597857534,1.097635957343892,1.0115359288259256,1.0366163796872143,1.1236288824002112,1.0906771054872049,1.1390076132666507,1.0655862667753786,1.1884503668957784,126.29842219267256,118.99032410235277,111.66498371811721,99.74873448764014,122.03264560113185,110.5467132962404,148.9162091596058,91.01483995836269,28.67780911003478,107.12110613022084
66,1.6265103898028723,1.761404001434254,1.6337422356924214,1.650822460333822,1.6266716793901168,1.3215541559857424,1.5099151393005552,1.3776348403359457,1.1856394932875953,1.0643392660888575,1.2592276890527978,1.0700356907252369,1.088662260204254,1.262103788634347,1.1397006903370175,1.1996660485075032,1.1843342213320414,1.1031037434862843,1.0614077190253635,1.2046167838415907,123.00655793981926,95.77316475682335,110.59585279548358,103.31786689155066,113.97531792592946,127.25072521986296,131.2620636111205,144.65883172317922,8.32632226168201,99.7077585244669
67,1.6173855211818422,1.6471486869475709,1.5389177834560441,1.531768139279127,1.584653125079513,1.283316390458136,1.7291545237901973,1.5695214790737784,1.1676263370886866,1.1081236672587846,1.0431025437945332,1.1036239583829923,0.9859143565078065,1.1057587747365678,1.134968747423785,1.066488601571222,1.2080607356074389,1.0516605612773222,1.2218086152125098,1.1599872491092846,124.36363750810902,110.91043730603987,116.9739533296573,112.35294153809035,119.4061547724207,126.46517467812212,121.81423646721935,81.75744768160607,0.25612727292282866,39.99238705066466
68,1.6386017982300878,1.5027149749585735,1.4995918483170225,1.545883401994988,1.4467065839609636,1.5952687487392976,1.4811652211262756,1.5674040419761912,1.0998539343140479,1.0612304813343996,1.1006768580821058,1.0357471934255684,1.1988231179588524,1.2293910771469356,1.150172822355372,1.0604175892045702,1.0971274213356597,1.1595921502564552,1.1296627365968996,1.1162373357764677,125.71793654221504,123.76496905476048,122.31400367556594,114.07629642188029,116.56893149056343,118.04841611384771,90.47729208462462,145.75769213516568,59.43638056878917,38.95614707868529
69,1.5117323770260962,1.6925927412899142,1.549800014506782,1.6794507116617834,1.4696021729578392,1.2980725170238783,1.550908701332542,1.354562437608523,1.0137876167462339,1.168591974869464,1.2911474110449204,1.0698417786333982,1.0685236576022632,1.0940550090150223,1.0188552886087645,1.155369995193872,1.0531776178728256,1.111951823243266,1.1612329999720765,1.0379592080412319,116.82482014157203,126.24629463215686,117.59049720440878,117.34586491170982,116.73111706355448,128.0508514268431,141.9656892452624,125.32264546832062,112.6459918950114,32.690189905782354
71,1.6530860841627322,1.4686360049068143,1.4174251472558215,1.569167597274379,1.4151632754744128,1.3593276587537637,1.5163741095135501,1.604456978231913,1.1612837561432745,1.104441759662601,1.0616007624574297,1.0633401620897744,1.1159135237172062,1.0207735692076727,1.4347285177551736,1.1547777688806795,1.2182343781455822,1.0884478171661698,1.0459091004145677,1.061335918990358,126.2648767988852,124.8537659223602,123.59206454987199,114.23266317204413,118.86778422050737,130.4294229792927,120.01558626883414,77.93105597253452,12.31916012394663,81.61262167132926
72,1.5186945880904172,1.4682571894964527,1.6731548881691174,1.5401993845360498,1.406581101038021,1.2936992003665442,1.3586454267253634,1.4023253251541632,1.184420770231276,1.3017234559244766,1.002393735957568,1.0189257203306499,1.3146814925051162,1.133389766362823,1.1243504445851724,1.131955245585848,1.128928678053296,1.094326659550019,1.1656767664493408,1.0525764552850796,132.27076774092126,136.65953549494165,110.10437797557306,104.35896632253724,128.05094628478014,136.985125133382,92.53588042226173,135.21988739397494,82.49927566792927,36.51204818722304
73,1.573315939502544,1.679574034607527,1.7502520463006304,1.7387075786544068,1.5640876894361277,1.343827457590705,1.4064982865891353,1.3402226343018884,1.1121237576525944,1.0083258976937683,1.119180057773735,1.1588540584746267,1.1547559481418463,1.0053125583194735,0.9976434867590267,0.9752023969672458,1.0891284721225079,1.2117229275175898,1.0131542498105397,1.1479239344653318,115.13331313593159,125.28679934107845,122.24074805311332,118.61345956819166,124.15724768618217,127.70361638497864,123.6314652714947,82.71912739551357,12.91272180953544,64.15853936596402
74,1.513691050895263,1.7024724585947273,1.5694310020238207,1.4968647320504813,1.5562668473003138,1.3275926708589467,1.3944405779499816,1.3261265632186912,1.1372125341325061,1.155675247703947,1.1292603531812078,1.1560085848924866,1.157416852643301,1.0416928439348812,1.1442526520409022,1.2540853684612867,1.0399083034728691,1.096326479070045,1.1760977645856012,1.0519468071278173,128.97796511130787,133.34742730629455,122.94296438156722,110.11245213081297,128.5596576610713,119.22496733731577,92.36166852578143,136.217993690482,48.259416657328906,29.263446738320408
76,1.4640162388459566,1.4265056827140188,1.5594154285290966,1.600800118344297,1.5120163028775016,1.3148245744534819,1.558169297177578,1.4575983604161662,1.0991739762175423,1.0058038388886836,1.0730064609803993,1.2371503847341963,1.0978312759298106,1.2269621157504027,1.0396254509236287,1.0429596537459596,1.142890781166476,1.1068295471669427,1.0663330742730635,1.042002078658967,115.09217916029047,118.02960649080154,110.27217000035724,117.95849044055525,117.95168070737688,139.51874482767704,130.70368832034347,89.32456217846025,26.76901023947095,44.080196230422
78,1.6524445296869272,1.5051785852144781,1.5086692046850538,1.7134491482185843,1.4518106553714032,1.3014322207054556,1.550884574465803,1.397576893173401,1.1584326364811985,1.0686482964025878,1.1611256478111738,1.0064595454064216,1.1761683864717474,1.0158736204602514,1.108388986715854,1.1315293283936063,1.1341551137184493,1.0428294553596884,1.2150879003516184,1.0636271837667162,95.03362324335721,104.23720848612913,123.18376397126565,104.99746715106353,109.4472675751316,142.6084297310003,105.95287791753147,125.45618337191765,13.57786122392111,29.98736674927675
79,1.760163046138753,1.7421033698433435,1.6523818075611711,1.4858844907043953,1.429993053363842,1.359112710371258,1.442816093645658,1.324423842305829,1.0162575892422485,1.0406718118144338,1.1242014217840268,1.352477976201537,1.5487575720988276,1.034020439298072,1.0830079732250795,1.729895785975564,1.047335335447214,1.1874533190838663,1.125293777295866,1.1670414029378418,135.62341600002242,123.26404216646017,110.46859211571268,108.46667235602271,114.04109074029027,131.23981490559152,96.4253115503831,125.93586464400603,141.43076917530936,23.876404339586315
80,1.3761341358265984,1.586773796008069,1.6090137869358698,1.4907450287029795,1.5304865405566344,1.3724223250525251,1.5300725181961017,1.466465365214694,1.1050574760406586,1.1351068264064075,1.224053209645088,1.0224860566983536,1.1947770083618148,1.0667814111220013,1.1134658981151326,1.1598008446787926,1.3207881977573723,1.2121237841186911,1.1043519418610617,1.2435244603742492,120.78765006304083,124.13566259988364,112.13430640237839,105.87335436954518,118.20206892856643,110.10078417905169,135.61926371850478,73.73311937799639,15.785331695038495,68.87565012808095
81,1.573452846788629,1.5253521695360268,1.5549500259444715,1.394942402312173,1.4165424157692064,1.662752317391327,1.425995760212716,1.2917569902040604,1.2340227685311542,1.3169627504603807,1.1242750439905,0.9469424622150621,1.1275072848350025,1.0755466434899457,1.1290171104166487,1.0926357371404274,1.0034680838430197,1.1796039628352557,1.1836730452518716,1.123756711244769,124.28806737892863,112.578930852767,120.52519575502973,104.66422054079271,117.69717416818611,122.02013057546218,93.98843449695163,136.6833541150945,71.55247020991196,2.933187489155197
82,1.6869444370208226,1.544059428691457,1.5029254072601752,1.4658758806213972,1.550331837809135,2.2540211742272063,1.5841369450803815,1.3489362858671294,1.0558633413112786,1.0753957952281479,1.2180281267250619,1.1318143384128898,1.3467050940481873,1.0564782100698427,1.207707459941272,1.3303672074319663,1.0778196199591237,1.1402148623742898,1.0310300291537282,1.206878160512385,125.26476661245431,108.52908534616606,128.45789999907845,113.74305670511569,118.65015575575555,116.58899968201808,103.58471199002615,145.5769506898856,13.831204769940912,3.574063449494126
83,1.5849531622444177,1.6059840849241924,1.6838669074750134,1.6248594162610785,1.6013425519510687,1.5123090378197332,1.4334255831780012,1.2709849835194733,1.2331733711922945,1.215004005414524,1.0841365154405622,1.0594996040600364,0.953106279370225,1.2435000850288125,1.2736736125208734,1.2163802993146824,1.2070215683853434,1.066317090994858,1.1771630693680177,1.1915006091012363,122.32610015048344,122.4983991459136,116.25982650934671,115.81652733210403,98.81855808252345,82.42735725717309,126.76187833096262,127.24794123286036,28.631562868786574,16.604853873416328
84,1.5367480416261634,1.5810267713590527,1.5836613555166863,1.5855398029030958,1.570152850222599,1.412804434878374,1.64215119573383,1.3451646451297137,2.705815169769365,1.0677648750629287,1.2613244143054212,1.1474562497581937,1.034689262646872,0.9985558756674892,1.1064935062575922,1.1339601825411378,1.1123269889443745,0.9617539450150139,1.1484500714127164,1.107175320991753,137.08084628582486,101.08042700202138,127.50264973405856,120.82169685352241,104.57996349752861,162.75579206995158,121.31302290340228,133.65833968209586,124.46920416246596,9.827602590827189
85,1.7435033701831892,1.613690966370325,1.5893278089607794,1.4577444421169565,1.7309144879903255,1.4737972497185117,1.5021638408953686,1.270315203382075,1.251466112523428,1.1276635302881743,1.1264323952284014,1.3692296650899596,1.0858477128125616,1.064474684966795,1.0221362822186932,1.345038530609828,1.1369925914748615,1.0239133585199636,1.0545117897932135,0.9872780441589738,131.77043493323816,118.24166859477032,111.55988769939277,113.70890143008634,114.89943374346089,121.69720180636402,145.1792780967114,94.15862333729339,7.0106389015509745,78.37839638271694
86,1.594933461963614,1.7107013929039883,1.5946135409450195,1.6107212183844624,1.50055345552005,1.2994096104475055,1.4565546743137872,1.4694764364181852,1.0648274386096959,1.0365756944848652,1.2065001836989686,1.0277076536331637,1.1463703283873843,1.0349171049961918,1.048879177134044,1.0800964037965914,1.03947404712853,1.0626129844977463,1.1243897458014327,1.2958920949660966,97.86643268391536,115.46787497619269,114.8587389564452,121.40942666887061,119.61454791468273,133.98654261173317,106.59688923230598,129.0982091078909,35.30444360881188,50.21830888318908
87,1.5345017173504094,1.433625098736612,1.6566230036256404,1.5582376915198735,1.6147078360525333,1.5692890510760826,1.6448661954931971,1.3178257188713773,1.1061955679101159,1.6105952534772898,1.021674372443607,1.1710479002163157,0.9577234398649092,1.1185713065478329,1.3745312549101292,1.180808670517947,1.298593761062708,1.2149751388149441,1.057322443898752,1.11842139583546,133.80469610823667,140.4191072982737,115.19664862508066,118.31488583074989,108.85120018379111,107.7878770202544,84.25453710150927,132.2934614529814,17.949430839783872,13.767190098146896
88,1.5051039652375646,1.5982304805923606,1.5789074959538396,1.5365556925178165,1.6206117977044783,1.2509478123085844,1.6423702463745067,1.4318486534848653,1.147733022661379,1.150346956018158,1.1977578128841846,1.136507943131244,1.030828578399993,1.1509377289766676,1.1354732099213747,1.1335964661876736,1.0897505749350618,1.1001592899047519,1.0695818021455006,1.0532805349900338,128.46043414659786,109.33655582579506,109.64445229395963,115.44021600995484,122.32925688960825,135.2145916785005,128.2785658119063,96.2654497761673,6.5875407428184785,133.65011174884734
90,1.581956676995752,1.48071960867707,1.5521482241430569,1.6610602107040264,1.556926176419585,1.4558991432569395,1.4971196965923466,1.611166178978582,0.9633404716616227,1.198782998524455,1.1662214228070373,1.1877317152963118,1.038169578104994,1.043956458533319,1.162630105712268,1.2904609961861069,1.2247101393967883,1.1827285357336568,1.068476867930649,1.1510439437873647,126.57086178965952,119.7947932370782,109.48674143493754,129.69519045259983,133.65397376787016,139.86803591882742,133.71642573578154,91.5689234640515,7.616769015933701,14.986201711275093
91,1.3896684958762628,1.6254712985367403,1.583622942929913,1.3928541834250399,1.466966484159717,1.5059555832817038,1.5208701217326608,1.371212467470473,1.1239630929362459,1.140752389084319,1.2440953768967788,1.024470116404562,1.2983361612259496,1.104082595318477,1.0017045615284539,1.0885285903374267,1.0237700584430265,1.1100381179264365,1.0426258168310472,1.1119492843643888,128.38032968062436,114.46113646507735,117.12505315028008,113.41714791252464,114.77140113167926,121.11087817966609,94.94007643035116,142.33926041638685,53.539566889685595,33.0771311107088
92,1.5798564445424688,1.6919432606745297,1.4688226878118393,1.4730458411864855,1.5042400996234462,1.4315326550295577,1.4917313646728216,1.5242969845312593,0.99659151238046,1.3827712048425531,1.0557192985612678,1.0176522137810424,1.2254844534959124,1.1758765431155078,1.0430442990213729,1.1081901034706256,1.1134666348149398,0.994156886091502,1.1831482508442492,1.0629066896011683,138.36982585146438,111.50364401252152,122.00982441551983,115.63661992843856,115.4387765915165,114.76429653072626,120.46912228421498,91.17859117520713,36.9522862391477,65.97961183768932
93,1.7462380995434603,1.413609247225294,1.6277526762601278,1.4165160033706188,1.4919599104771577,1.3575336750547677,1.4442459055853245,1.4298788517505956,1.1064895507102348,1.1615621923929862,0.9909541424266377,1.3002722801460174,1.1063399985411588,1.0834819697205313,1.1170698160918395,1.1282535537851401,1.1826519325864855,1.1052809136005761,1.095995512608005,1.2206785379066716,132.51896765739735,121.94037011314443,112.73376040770329,111.13799768977434,109.98450290719175,128.0691520053208,119.5967039494307,145.77099039266434,18.148010636682553,118.3945869139773
94,1.4598106318162216,1.585685393418871,1.5690948438192724,1.4749649861901017,1.4965300030112687,1.5012092516769306,1.6461084122395604,1.413151378201392,1.1665774866626348,1.1204452121356603,1.1995329023448342,1.0843277713698105,1.1114326991658672,1.2122406866689197,1.0678187908651955,1.2020827505219243,1.147016323402259,1.0793569864781376,1.2343749062347236,1.0950361137689142,126.34424283251148,115.4472109520692,117.45835194710973,113.84623273071243,120.29943074149492,125.92218646781524,118.03171976822648,65.49269842133394,2.8478475868580793,21.36610458221053
95,1.5568997316921904,1.4469317505002688,1.4388094030341652,1.7237010398388686,1.5178040055205397,1.3866630896313605,1.632801960468392,1.4781402894651945,1.1120496336704802,1.2824350353430778,1.2127249951241874,0.9121023710857022,1.1171847030112478,0.9499464161954438,1.0493683624169983,1.23357643054864,1.164283606614825,1.0803884703225304,1.0726527332706495,1.2849060776883523,129.8623721957822,112.87517629283873,117.68407569237904,105.41972305708423,120.71612782157383,118.21210198119633,93.00545755753619,129.1249866501982,56.937521308899555,30.930956169115365
96,1.544611340217815,1.534287200579466,1.4739672689174204,1.6313524437635836,1.638244014757423,1.4653310350707842,1.3706858111638,1.375708571016567,1.3033806472394485,1.2515962482118124,1.0897890266415533,1.2084020280041656,1.1522098584681486,1.1025836601577996,1.3248845734107455,1.2142174470348504,0.9929485423464511,1.1420899314014001,1.0253172676051383,1.2947841958234036,130.03248212527643,117.88193573524302,113.04804929172472,115.57667302960958,109.28870045899698,118.19901534608692,125.69186992501561,132.06621016800395,108.98241479217693,10.581357596396801
97,1.4425819670034774,1.498356504333562,1.6559082485701468,1.5556899628872618,1.6512701630854099,1.4693929964500478,1.4828245280854035,1.446584159113189,1.0246137272126528,1.045397340212161,1.1479856772378416,1.043002021076613,1.0630740000305092,1.109137110550905,1.1984576423972098,1.038942712211701,1.2297964958047367,1.0874667288540805,1.0974902739726988,1.187753606636543,127.38029794061718,115.35868856407532,120.22111043698044,115.1419820044252,122.87826490399893,119.83680389168634,145.48572487852073,120.9085542005298,109.41077846780414,3.250385801016365
100,1.6208226881674463,1.6853682238951297,1.440211334443758,1.4849229741891647,1.4431742697230627,1.4357924389831305,1.7014377536256236,1.4024458131470892,1.1570326988869855,1.009666813664889,1.1023035009381983,1.0389800794566941,1.3320440271709488,1.1815742815182262,1.1970107497592501,1.1393579016510704,0.9777446744655747,1.2243399972263453,1.1814078971006061,1.083017649598638,130.36564605588305,123.53949208804505,111.69716510967852,113.29922851016542,118.22055352718426,125.42556031090335,112.94759311747642,77.60450614483204,28.85803574311908,44.652306947521375
101,1.5381613996691517,1.5828386869162818,1.5033880368277133,1.5880024220089795,1.5841905155184681,1.462848015016556,1.2687645209228358,1.4487780483685477,1.0457377243290233,1.1138271299532996,1.0242868191948198,1.015037955604076,1.1787277980135435,1.1098467607476892,1.1445988383734174,1.291590246970123,1.13331960150646,1.0476428340244162,1.1228621416546594,1.1104008539215742,123.16414733785952,117.05882777304093,111.22210838971866,117.23699336168721,137.2694209748115,130.22173248814056,96.98757829668449,114.39467566096681,26.09153005823075,17.88705184926303
102,1.731983403780114,1.6011120699980756,1.5996347191835898,1.6274823017407307,1.6493025832719488,1.3190969899958729,1.422510214270219,1.4546823896880992,1.1278438465046376,1.091752450835329,1.3561676471414428,1.0718044139343055,0.9953659036733341,1.2692237416599628,1.1429029193781068,1.0867437579011765,1.1141854869935799,1.1372303704511442,1.1656190508378024,1.1226306305030158,100.45162644438247,106.49120793031778,119.40448692761238,117.51893408651844,132.18211821140468,133.19945042816494,124.77700502068103,131.9508174813834,27.52385100677951,54.74442252424604
103,1.3269788672701925,1.580200162324007,1.5463830456641834,1.5596451737941146,1.6854279794534426,1.5593680782618682,1.4244843356691153,1.5685187275270323,1.1953570727456042,0.9843070076153442,1.0440062043429277,1.169260281835452,0.9873993547179861,0.9966874640449557,1.1155716132046019,1.1022217991316097,0.9829066032740462,1.1398189533659164,1.0952786941645793,1.1675833173013115,123.43030521542181,103.61226698831967,109.27543270906791,120.57359373831272,116.54978379092002,116.59146294393821,139.68897600744447,122.90763993999511,119.066197228481,3.1354262008341487
110,1.4829976611584046,1.4899888561468915,1.6412432080873864,1.6051443238662537,1.5036982394200218,1.326003631741702,1.5397699494953625,1.4375765946824648,1.0663261241820616,1.1282258604522455,1.1879646793179512,1.1994935453611875,1.13755968717818,1.0625682632918911,1.0786012970932828,1.1232393455606635,1.3386833507196343,1.0638383409517878,1.0668160970581402,1.03032944675842,122.50502723502734,115.31308901100284,121.55691291904293,116.42601376220959,115.07567787209396,121.90201120856544,135.57861399300734,109.40084226176309,20.40992405031429,109.26532956770774
112,1.6420398487233634,1.6080455373988973,1.61626665630842,1.5155467409389813,1.5892831604744946,1.4118514118162664,1.552640161385972,1.4291323896735004,1.058347523466371,1.0691217461085534,1.0068825632943421,1.1389630386015963,1.117996685227737,1.0725123214373542,1.0565225168940613,1.111249993784978,1.3270520798699623,1.04627808609508,1.0486513003166216,1.1102688223552737,129.54977536711476,116.50234509118128,120.77073083712251,111.1971085315732,112.02556867618651,144.33030440773845,115.65278564389426,130.64458944326523,8.043152545903528,109.22912072841967
113,1.7869274207498247,1.5627131103978384,1.4874697406758746,1.4665272851090803,1.6229434419041076,1.6374486395860939,1.5334632066499794,1.2997206795039038,1.0683760026156721,1.235902722160241,1.1396731996416707,1.1587995936076319,1.1251967980922688,1.1513416049809735,1.3403822566529349,1.225710666599316,1.2750339724089395,1.1099216269865382,1.1101587448598724,1.0766194850523936,122.05578992019625,116.83251738409906,113.73284514477213,128.0702606796619,97.81364096310413,118.29748401354473,104.72666432772772,123.6882496423959,37.3036989193898,29.112567823955487
114,1.6754685344280607,1.6083677079573602,1.5247417564533463,1.4810369918748678,1.8203406329002305,1.34190283704311,1.436049564757225,1.3505686718450407,1.4875773083945694,1.1630754299727142,1.0055457353274224,1.0637985409798403,1.1387720422733392,1.2773484076558754,1.0083929423986213,1.1618561760455233,1.143367229194237,1.0860443070121415,1.1096584292815375,1.159105810556251,119.29216421443383,118.89731656324682,116.31839426589652,116.44523217293587,114.65843669118716,118.10995437469504,95.0295621045229,121.68417861676886,36.67959901060066,10.214205886606734
116,1.534567024294166,1.4485059164381067,1.6720605093446588,1.7104372232049787,1.5258365914981478,1.4883331076097377,1.4916284247349874,1.4785630462522508,1.1516810248171918,1.1161496191602016,1.0212692623717081,1.233137577038515,1.0437463258686732,1.1020230318021564,1.1866648054536002,1.179211887171869,1.1312109110853938,1.122609029885695,1.1493854647439008,1.1887899245802247,124.69014457332275,106.44364198727673,109.74309820344268,124.40684345719474,119.23963628269212,135.39589467155045,145.5566638096508,88.56796697518823,5.161112176138497,40.97588891850057
117,1.5037767566971278,1.49792066370785,1.5532589893830984,1.5804919203563719,1.4643579872892194,1.356163408358804,1.4585639627952587,1.3688992702847305,1.0751707346242254,1.1465466452107875,1.2678534591829707,1.2282877628787352,1.0474142827484327,1.0807100616050886,1.0505653643603428,1.3138337179889936,1.1513460639883024,1.132204470807012,1.052584176426801,1.102653893852522,130.92729736549813,116.69480803755685,107.81168292934042,125.9413062501355,109.74450304249746,120.24582354167173,130.07946965409587,135.48179068779274,8.903228208644213,131.5690085346781
118,1.485396779880371,1.4576443388597367,1.4233828176050525,1.5422920884116431,1.6819200461849446,1.3820663712924275,1.4687303793971591,1.7884156649898262,1.097968374670381,1.2006610820772685,1.1888402755190561,1.0578230468175904,1.007500753211489,1.152173635755264,1.0906637481301102,1.0248120378288805,1.170501636880074,1.0459416481484631,1.4568831712034478,1.1100122078248966,101.3436483213002,118.01977153737982,104.44534273550165,117.30651045565214,128.83088852738354,141.3604099049404,131.1747986282421,97.38607007697317,8.634878510160451,96.0603255642389
120,1.5133567859976405,1.6876771918096758,1.5925023651655887,1.7170426968563177,1.7468217276737081,1.5815612978791147,1.5452288613834815,1.4118304447381627,1.128216810110903,1.1430158401352173,1.3030081141431988,1.013506695178235,1.1940853157850648,1.0553488456347986,1.1764545493574332,1.1898704493349421,1.0510851059570299,1.2220646624015516,1.1790166309548638,1.1137208079945815,129.87793408319848,111.64569391553677,124.11681647348229,110.71693575018723,120.71233312454399,123.81618053155606,109.12496454107229,124.82865810768044,81.63927552254229,5.487004112645849
121,1.5640681993972552,1.5304397502823157,1.5266386755166852,1.5890605745354986,1.6459327448774514,1.5241055406308264,1.5033088767280582,1.4119408397424535,1.2419673111440226,1.2485349765527474,1.1715857031817685,1.1397465692477682,1.209637112431601,1.0708605876537511,1.0996815502388362,0.991987781121927,1.2260297952611603,1.0612590178156154,1.078276809917268,1.0618279680696616,122.89926251007586,110.60366771961328,107.94947590609831,126.70075112617359,118.4053214576092,122.69838224936134,80.53774120015557,112.3824660837583,78.22675534487763,26.77000511668947
123,1.525063301699124,1.597057267043084,1.531528255897728,1.5350386859120626,1.4220524379693227,1.3539584724062568,1.5822256410827864,1.5342124480907817,1.0291300199426545,1.309782823600243,1.040340096165644,1.1601034931943828,1.2496769916507358,1.0533615572328319,1.175970767038918,1.1665784073058916,1.0743216350031768,1.0779018085751875,1.0844028824570644,1.13248075550596,113.5529876059217,121.27608153079306,115.67408549902729,118.8906752158831,103.37573671774868,127.80557699181544,125.95170422506972,130.54314693718635,12.800677605258896,112.51303935531261
124,1.7902642524239303,1.4327664490946699,1.5795484466941236,1.7624846094641253,1.539262453694197,1.454502829269626,1.568919730180682,1.4680400767572028,1.13914367717846,1.157066629281158,1.1123776321362033,1.2293985127485354,1.0894697198288523,1.2585021122955748,1.1449020629050253,0.9715344021963336,1.0423504383084228,1.2740902709616397,1.3008961038410114,1.2589511197703287,111.12821374676673,128.13142196086093,120.24131233131784,100.63891056012726,131.21528085990056,127.56844911745968,131.2894505673928,95.12832646483065,11.13115388787162,55.09661889344741
125,1.5026384373389696,1.589485316191123,1.5592991478963067,1.6373240131029774,1.5266294370518192,1.2907876332691737,1.6937355562298944,1.43655253617273,1.2969559311608325,1.1548665587299072,1.0441309420729028,1.0578440471421293,0.9769820296274887,0.9362550291868547,1.066662961252748,1.0831095572959164,1.0522131699780863,1.1039979572680303,1.033516223338379,1.2888440812469126,146.22854070523118,113.09183478438177,112.32325645242004,119.43817476917697,106.86805167048402,136.41600190422525,104.25768373806726,130.16351402158458,16.573355122063077,118.4463141195658
127,1.5986369084258887,1.4640076163680151,1.4962420694420218,1.5450788890091378,1.552489064998201,1.438291177780909,1.5519907167707272,1.7119274036122516,1.0509880265971947,1.1691708792360007,1.0534617788367528,1.1383361808521646,1.0134649876886663,1.1029393744566418,1.139526533987779,1.1239826815097798,1.0902253710440837,1.0879988562576461,1.3332950518322115,1.1375209589323125,114.45708545907776,120.52537715630477,110.32298696588106,113.60456841216741,131.07384456234345,136.24589102120575,140.91929121035446,84.47690344107616,11.801613760794133,66.80100056824435
129,1.574470814429724,1.5843956860617239,1.4819372969130318,1.5159438192772872,1.4949691780053478,1.465144639980137,1.4484575966871462,1.3225644829829108,1.1843241962665352,1.0438882077367164,1.0809805436365103,1.1246403388101316,1.2068116754045972,1.2374998148293532,1.1164618094823358,1.1764279664718804,1.1357538878578863,1.1169043683647633,1.079693393113353,0.9504914200557888,130.17615057746085,125.90202432571884,118.5606695467364,101.92721320692141,123.50368233016489,111.33562212908355,92.52498034999199,135.95495453328078,41.63066004543196,10.094407530098463
131,1.5493139921334473,1.6613743662666014,1.5675126307572882,1.5625430353414704,1.6449107027108083,1.3992880070336666,1.4258120365752243,1.4762536473957453,1.086379068153748,1.0238828243796034,0.9628935790924451,1.1647697177153644,1.1449473125750127,1.215342241106504,1.1506334265065123,1.0014839552859658,1.1103665640448481,1.0303785517469692,1.1282220313640376,1.0874890956979322,124.80651545164474,112.45343202815505,109.56366291402358,117.93503647546258,120.92140066639563,135.50493898318052,124.12237462177839,88.25010844062801,13.306721456230116,8.645799391993258
132,1.437215941415556,1.694394008704155,1.5139706594886189,1.6338150838370935,1.6300886038514788,1.309143189520002,1.3505197460478529,1.3710170571409936,1.0208579918832483,1.0690346749259738,1.247988155656756,1.3181691574240613,1.0348707418065182,1.1038959835392228,1.132898784141375,1.086363835847864,1.0789462885706649,1.0921263351429547,0.9891513811998696,1.1547124169175993,132.96334882817874,90.38263746461324,118.56549404389936,113.49345363726025,119.97563723523272,126.44479755286397,126.69075560962706,122.08149459182586,6.789952690633138,60.91838251278474
133,1.5076458937555264,1.4759247526517016,1.4946221593299474,1.4971444623050094,1.505822145468219,1.3830091235113258,1.365380610667545,1.5321557896660225,1.1029691180783803,1.1353865810889148,1.0964055488219524,1.0953332864797505,1.1500931653112039,0.9940163266470352,1.1512656798089251,1.147933810400174,1.0258969485591607,1.1390733910550972,1.0968735056484944,1.3322875886939947,136.56352144678493,131.85987434253335,109.78126156611577,114.4674861664163,116.24568267675483,130.69837595215924,93.71060642598557,132.95919885947725,50.21061539650767,13.249247920071522
134,1.5483380766525887,1.7025814360467095,1.5190948692529676,1.5550722954782321,1.5780033923123025,1.4642506517565697,1.4060697719880775,1.6385206757658815,1.047124892903909,1.0935818659871572,1.038680265343848,1.0322679547817246,0.9948878468453394,1.0394669954155873,1.0015406058367922,1.0214707376576568,1.0150643666267078,1.1918470626926265,1.0304990253516941,1.096548411446821,129.13538669029006,118.84409030919315,128.69020795946795,112.67601424513555,112.90799571674883,131.58607073705983,114.49074600416715,87.48002507688052,52.40020876418924,47.87119774418627
138,1.6638556621909388,1.546929801178185,1.5703438063023498,1.5225021238167433,1.5807242662202137,1.3370852391080474,1.5671549744682256,2.0930317464009,1.2502134708590051,1.0881101122843277,1.0597486125612827,1.062871078160209,1.1127588623516187,1.105377402857197,1.206854784877755,1.2290397192964795,1.088924294605776,1.0826792235041853,1.1882985330533395,1.1687211141712586,123.74565718770853,109.37328758249522,121.03748599787929,117.95907730481798,104.16735565634177,127.04937210202202,126.07783053016274,105.2229037932939,1.2003040742680366,30.659117772251115
140,1.5630070632264483,1.470833676445965,1.490609837856434,1.5560229047796812,1.6062815637297634,1.361693547330638,1.5654685523983938,1.4694564039497537,1.1057289606418281,1.0971857744325726,1.0793138041639108,1.025198257259674,1.0402847939571107,0.9381359559852411,0.9957179088159899,1.0770889504360166,1.1611990137931425,1.0656259664488579,1.0128133061178384,0.9979651908573589,111.91176184068898,115.17184369456858,114.87323268707117,112.76874657770993,112.71827607909879,122.06726239201916,140.69795727536848,92.5754407279502,18.39407894196289,71.52613947221799
142,1.5466166448673233,1.5076977590638265,1.4672390254855914,1.5614492639037545,1.5194091209393021,1.4382893076087768,1.439661037182594,1.4181359070389419,1.0646166996195108,1.121390720802152,1.359010934300464,1.0473621184403668,1.2204519287531186,1.1234293994348372,1.1956199851069957,1.1711011494565002,1.1323780605713984,1.4342732598765964,0.9950748482743715,1.146570143898491,129.10209994690288,107.06691182359899,132.6334072758917,117.76145081676486,103.01648311966127,116.27298475385645,128.91910194526878,134.27719065543565,2.309633103247081,105.53767620892258
143,1.5581866861952214,1.5105399006722084,1.5089716425638364,1.6544419539758366,1.6134075911388972,1.2852158937652978,1.445830931732205,1.527881675294321,1.0033160608699634,1.275713354928851,1.0683119706459108,1.015972509336511,1.0274598451391177,1.2550264236995452,1.2041144564925113,1.1054326408527357,1.0768026912289974,1.0826228487439475,1.1714913211962632,1.1259995397445102,137.90267286318516,127.65563386742312,114.69035661750742,116.37871783778803,126.22354986375244,126.98807197940232,88.7852630365124,111.91493345169408,65.27982258375093,1.4802503141868706
144,1.5257792521214355,1.4453200432944142,1.478041858483416,1.4842379922250177,1.565419816608941,1.320241076422026,1.4518733475766166,1.6333238630513292,1.1007528342961062,1.2776472076603278,1.178205192376565,1.0700372980589345,1.1704784242644939,1.2129179032029878,1.0205255271642366,1.16544096530494,1.2063356983880984,1.0360039235777063,0.9655183521808925,1.2906116219272132,126.60231293217748,134.58591604892732,127.09021492238064,126.34990108625696,117.16300191097606,118.99619079863423,137.18529787699762,111.68276616413668,3.5740720741781917,119.95136764190107
145,1.4940992018268011,1.7696583292771164,1.5296030126613223,1.6562005538876032,1.4419434754614417,1.3600894927651812,1.455540588521114,1.4594427753594297,1.1876118721140174,1.1809400608533165,1.140849338312197,1.1884027201144167,0.9790231738034614,1.1410994449393312,1.0006094430499821,1.1056222674273228,1.124561888270973,1.0902964201643621,1.2367589495697853,0.9311656141833755,111.78029024440148,106.47061829158656,99.82861986873898,129.66354911724628,116.48345138787761,129.17606600080907,128.12431095786752,105.20068519797195,0.8883282304421891,25.325020919594756
146,1.5205055745676954,1.6599929316656319,1.4996223016128698,1.6583769342444514,1.6700858584364227,1.2968627630152398,1.48763771155034,1.3325027504525908,1.1424838905469639,1.1694038980497239,1.1269772093152373,1.124102121842177,1.091145265184608,1.0798481610061226,1.0499219148621555,1.0858115030046336,1.1650566137545166,1.1222342233997094,1.281533590600262,1.0343915774039623,120.55664329771545,118.81783482070257,113.76121988625009,113.58477328555462,114.68403990056088,120.09686904267254,130.0957963208826,136.42150260850008,24.38144589688669,93.87975928497963
147,1.5880127622645186,1.6209243969418825,1.5489858752883148,1.6497282503421997,1.481011340256636,1.3588522994792673,1.4759034170187038,1.4308041728733192,1.0200445500894508,0.9337465535473991,1.1884573350737797,1.1077996196129725,1.3110937498116715,1.0758705089369032,1.1959403740561825,1.018147250196094,1.0787512328957036,1.1947002337895583,1.143600459811648,0.9903666976100162,125.57546256282595,121.01297020766653,119.5554085627159,116.52621738558437,120.70533858963849,139.42935979096782,93.11208234080671,152.7338393578402,65.85648362506801,32.696227086399716
149,1.4757952715235123,1.5688763595791804,1.508418395546339,1.575271542984471,1.6270047448024798,1.5159120111160114,1.4191193484357725,1.415100740639673,1.2070127275262972,1.2262937500080793,1.2356026875314858,1.1717925796752382,1.0418473016994247,1.1964823660297377,1.3162475252501715,1.0914776063728429,1.0881545630486185,1.022285128958933,1.2132352633214947,1.193196310273134,120.41278475514459,126.34854098507606,115.39010131483133,113.01245006705378,118.71480039801598,128.4737185612868,89.88293271814491,146.3467999868509,75.6591185757839,58.476704723488666
151,1.4860118471744557,1.820304036675861,1.628121129684605,1.5448931937337909,1.5189566310190612,1.5383893190218225,1.47495729508714,1.4361643273493065,1.1277326996877284,1.0579033967190252,1.4910368536147272,0.9891738434194236,1.2093422132488532,1.2148177693382616,1.0701066982520924,1.2142241030669982,0.9986502533356982,1.3541333957955635,1.1682956666908695,1.0280802319324607,127.58238526286685,99.21575893043963,107.71770000561057,112.37800140919093,114.77689174023081,85.0822238625074,144.15790197317028,122.58621338408963,153.00579150826238,2.34407566930719
152,1.4891786875991573,1.6933723293606133,1.5877363766498322,1.6039636603318446,1.7839204937357964,1.24323284796584,1.5553119821029675,1.4254984166818732,1.1850101083161757,1.116832296293008,1.044669764620052,1.115821945121291,1.3186390276289954,1.127550760101664,1.3385545601687907,1.4807947960648564,1.0869040172677726,1.0885698869187581,1.1562228381254118,1.2636947261903513,124.75240556422897,113.74084601495319,111.14735272812446,111.18436856066162,120.74241082360214,114.64367058008649,73.41404874892034,122.81076809592818,60.83087675514785,6.888815215121227
153,1.4888299972957049,1.5785567683397919,1.4646181065593817,1.6755195736006476,1.3943736086899379,1.397399963006684,1.6399973412679025,1.4373759519102542,1.019819649715208,1.277585210960821,0.9439361350215925,1.02746977867951,1.0617798170792336,1.0600923234158017,1.140437860560477,1.2071873589659163,1.2130124368249118,1.0645992173965488,1.1916399864915732,1.1969038056086554,138.08711317286046,122.3367687178618,127.54269759230351,107.43312834718385,113.06044947828144,120.59082117471213,129.87635092685417,111.02773420918606,119.37012737153671,4.036647868745089
155,1.5017037367140633,1.5987579320650231,1.573668910271628,1.520185648469321,1.6127884895390536,1.4801222987519884,1.3843630104460156,1.5109130305849525,0.9923405437424592,1.158439868340772,0.973237355446808,1.2800715599786585,1.0774993694874924,1.0459900822001948,1.2120918259334807,1.256534786109711,1.1167526287518568,1.1485873426997408,1.2536717568021842,0.9471666096700201,127.01189850022595,112.84177321258586,110.56578537596776,119.21194140212015,111.45676388526215,124.58936966968196,102.86237054036411,106.18894718123349,28.67579644934895,117.26034135247444
156,1.5918324049101868,1.4584641389929107,1.5763773647956776,1.6720676376156114,1.6187960366820568,1.4586236517307594,1.502722404553942,1.3353710209480587,1.072761321546922,1.135305186011159,1.0211859605019735,1.012006286402191,1.2310548353636113,1.3266775114864082,1.1737226481758494,1.08147138489148,1.0974082290568938,1.0247867955651007,1.152036647339911,1.2397274443188455,125.43142476700777,105.10019843906986,107.2610403709233,115.85640306082955,126.21473508814259,121.7908808970111,122.43043355343417,132.96747229836683,127.12797348337993,28.656734627010305
157,1.6769753363575728,1.4943527500392848,1.4961143599534579,1.5986963156390428,1.3794148958722092,1.3558610889516687,1.3957812728080707,1.370243738425866,1.0725194945129177,1.187424586256613,1.2017925119375286,1.3311648247611658,1.2440534085258672,1.2241861749397347,1.2706127935126654,1.0296787271185648,1.3714035123014048,1.0575859865946013,1.2848401720551008,1.0942369158070482,116.28649961467188,122.80316200498093,109.26359179080023,121.02756733812909,125.43493827378894,130.8387269887066,116.89472529461884,144.2470847526689,40.8777101167656,132.26681785209612
160,1.5980947822854359,1.6015720281520855,1.5859936489532322,1.6330405211616281,1.7233302620285877,1.262016985579022,1.5173693266418686,1.3833434997641176,1.3635946222254776,1.0592006915585854,1.058499276931474,1.0390149375066338,1.0621272755560225,1.0703071494998584,1.090196136248638,0.9927219311991273,1.1308763671150086,1.171219711770569,1.0987040439141615,1.2436784874630225,119.23562268675757,119.72264897313963,121.72480767489857,113.61093193456489,123.38845926520611,129.65576817070217,117.11034767748646,72.85101553915334,29.152538704216884,61.83598790848232
162,1.5240395306057184,1.4648222804013848,1.5395726207361993,1.6194170117682305,1.652343465864535,1.524887201350357,1.403319596453948,1.5459609783275987,1.410466310835727,2.7360702575918596,1.1929297425072392,0.971529277656512,1.032145860457581,1.3567106128730777,1.222227784504396,1.2072909981170865,1.2125661077585244,1.1465148494775235,1.1658946748995107,1.1060542354588028,119.11576315325624,119.48548010498237,120.11360375159533,112.05713522693061,120.5862741462614,111.67538519625333,125.96447520314224,128.74937287284163,133.4160065384153,28.078739138488537
163,1.5319993626397266,1.598594820816662,1.6643380913646075,1.6853636770332074,1.513888095243142,1.359262389220836,1.6001465955270495,1.3120431741357292,1.4365535096921058,1.209306073575985,1.0535650872446025,1.1186211686978134,1.1857009273968335,1.1711322924559981,1.3503045271822927,0.9552678354582341,1.1753412478380476,1.0246492311838922,1.2194023675896588,1.0212057421563636,122.94433844321377,108.10660052319452,108.01306262977626,113.13140475631512,116.29395934189044,122.46672756192125,83.354244351533,113.7932814633568,74.21507258939486,5.919642102098555
166,1.7382882939725601,1.624917012741259,1.5271135225865815,1.7451634080795728,1.5150923554218312,1.3502955777667103,1.496776860193184,1.6821128018651759,1.0046922748439029,1.1756518442542414,1.2154648183345547,1.1402385370396344,1.107786854623217,1.112920159116609,1.0183521892859781,1.112889866704651,0.9662998564165577,1.0540928697995378,1.3637972834849392,1.0441617335354492,121.26685092648073,114.2239831622458,128.38481357865788,109.89150318943214,111.87033689881338,124.41917060670528,114.13377701431874,126.02242413500768,2.5836830223521896,87.0965117526204
167,1.5287932920414273,1.4766890905972125,1.554296405932628,1.610967766362838,1.4803898305998522,1.5380588080339765,1.4204545245728757,1.5195031198878668,1.1485356818617438,1.0790473585931115,1.2614109065415982,1.2333579063559497,1.2424073869593588,1.0800399203567608,1.1667947997684005,1.1140540420126839,1.0030926654188,1.2000817868294529,1.1768831567350255,1.1662560673918625,114.88861691460087,116.53626495874225,117.43540816483919,117.56438590583463,122.26259585406221,115.03783127564377,135.45362991982248,111.01173099061458,84.09718616438639,10.79626570180263
168,1.67229606740655,1.60856066025983,1.5516871916463337,1.5449639527340806,1.4607186901033458,1.4295958560566309,1.4505703766519813,1.6189662722381388,1.1049531239420591,1.1616504758926802,1.091977429358288,1.217661738511849,1.1184467458441503,1.1727248377499395,1.2929701992225175,1.050505682169953,1.1012110661146228,1.1220327100583156,1.017316870828751,1.2005937684507553,130.89342767451603,118.4301898692462,123.24256444206874,110.02468801229118,118.82480248126333,120.31184931049151,122.22417184801975,86.13845036656944,15.271303930473826,44.22711577273688
171,1.5601167967037808,1.5636392160515957,1.6702497358009354,1.586093580214164,1.5880412772307657,1.4427551330267505,1.2288749506586036,1.4074658353789464,1.42029884583575,1.1720140691333558,1.0500101201821093,1.0911646907597712,1.0617604770301536,1.157496542305272,1.2145534256824027,1.127396822132693,1.1505913194844801,1.146515858173046,1.0033819135950999,1.126054619880574,113.53813752696809,120.83467694770304,112.3191808230136,126.50085472742121,116.21583409467013,140.1621638365486,101.12689116618463,131.682921311586,57.92728343211739,44.54057712317458
172,1.505224510506754,1.5895558255948858,1.5571539149296059,1.5434188046855708,1.4155003908622688,1.46175336805935,1.5578124708271113,1.3619029730791918,1.2480500763295477,1.1186901351017706,1.0359336699299782,1.0542480807645893,1.085046009567831,1.1766734880858107,1.112345882787569,1.0669262407943458,1.0915601069203829,0.9574372576785859,1.078791451438305,1.083095153146065,132.1586399333404,116.74105690542409,118.7845156815949,110.76744295732605,117.22111317631116,112.24649849377536,83.51730700136457,115.77294873451514,33.89283099899037,0.9153463655948255
174,1.5496167269532097,1.606786806226675,1.5373573779781466,1.5756796896800824,1.4939339744394609,1.4582408782610317,1.559653059526276,1.381626307024406,1.2595603798633161,1.094564755435693,1.0542626384082958,1.093007088585265,1.1930295546824565,1.0841880290999355,1.2236429766227097,1.0812545886174485,1.0908869716231127,1.0839351074488546,1.1501876314603814,1.2710948929976007,113.93190706350241,115.60190353313135,113.24561508690759,112.25486492764013,105.5153452983289,139.91045933902453,100.79997388571387,128.9334716640519,133.0475602036158,15.75684513642333
175,1.7838986860468031,1.5281581473207613,1.7508411408021929,1.4788047558988693,1.5508150750915695,1.3207440546171236,1.5107557597124637,1.2908684314865355,1.0152426574340703,1.1880834939285003,1.142207661747748,1.1664161587579869,1.10870159617347,0.9864581405773089,1.1585117865840973,1.2692169317113748,1.0899619397609284,1.2069108936475146,1.132568639633459,1.045718187254173,114.86829089274364,111.19826443858665,111.8599237710504,113.21485871201739,118.15573244860792,132.26700811318548,122.310315781963,137.46509395390757,21.90707875726644,124.29412143892763
176,1.7305005561009326,1.469883354299628,1.5416591170866116,1.4502154354677306,1.5478149082273778,1.3592357403838702,1.4806941529102944,1.526460521399364,1.0464094656178464,1.262548308216982,1.1772268954096605,1.2029335868117308,1.0586123180163758,1.1067015438886108,1.2233978468453737,1.2868625815735275,1.178291479573534,1.1296470286302212,1.1050935815049878,1.1751935560782163,119.44627672587424,120.27686431155357,114.55659677215498,117.84263833221316,122.87932783487749,122.75323961867173,122.3413080104791,147.69978766700365,36.66139338334938,123.89092192131898
177,1.491244888866865,1.6567507799430332,1.614452479895528,1.6441642091813347,1.6366332789625753,1.4200875367479673,1.4327308434056083,1.3974428421090508,1.099362954688989,1.042044357844902,0.9699103253367354,1.1577555727861542,1.076783999416483,1.1231113315903498,1.041559018219153,1.16289807713052,1.2476138595312638,1.1714122450599886,1.0539208237296986,1.0599777053687318,126.78458403738237,108.62854915648657,112.16533469932482,122.4427145516309,110.5667946083137,121.81621291361964,130.28496505476906,95.5548517000375,18.138805178183723,120.11822281237308
178,1.4922949946624149,1.41748368903635,1.5448447399825553,1.6251758709595179,1.738378520671003,1.2900943654368315,1.4393618887811037,1.5119365835944203,1.0559532954739157,1.1014604583859076,1.280183238645703,1.0090675827975308,1.1625367785191272,1.0868868332769541,1.0901019158233953,1.1706151410188246,1.1679531476748706,1.044579179795601,1.1841622503865132,1.0850794823845629,114.72441188963772,114.31607150627838,112.69540115408743,109.0012194212364,94.48621802329451,122.50895658737508,122.73094624170406,137.47130419432338,18.49899950124806,118.38287911479722
179,1.5490565713996571,1.5110154250562942,1.651208645800386,1.6183870222203132,1.6797283134691932,1.3926942411368295,1.449880648450706,1.2477673042038513,1.0792417903069387,1.072067033465606,1.3180411643025909,0.9824653895048339,1.2195559164676162,1.233394086572122,1.0498217477318712,1.0372067525136983,1.038541974606181,0.9610229969122764,1.0111899826678996,1.083984253921712,131.49852333503392,102.75966963742697,114.8485236003702,110.61658232314194,117.19878052211827,120.94683188777186,83.00532662638331,123.17145937225013,58.994783015946446,3.1918794064741767
180,1.6218868563998996,1.5717241100940385,1.5605404041851532,1.4508879755477848,1.7173257204760535,1.4230261029455165,1.5049848712942095,1.3843976826852535,1.160634699618599,1.1390012859290881,1.1110947334516839,1.1676276578518645,1.1887025670206097,1.047628301405196,1.0917211101410158,1.0848253065007463,1.0514470349608458,1.1339863904440002,1.066524059001367,1.2625625615074936,139.65045979784807,125.76787421472268,116.16656887939615,121.56366074364004,112.36152241707565,125.91935604568893,88.85403360619769,142.4778724186652,74.05047295876804,5.492408603459972
182,1.5688745157654553,1.4423736547864918,1.5092751992661644,1.596951182392447,1.600503718837221,1.4238678031302174,1.3205060493036394,1.3582092760059343,1.3353788265982394,1.0067252348194524,1.131096233691996,1.0847455921969247,1.168324991032279,1.0577748969662324,1.1563317929173869,1.146284113378054,1.1789622467460392,1.1207254307950967,1.2906575527924997,1.2226186525058866,120.02456390389209,112.6518565951933,122.80473802598137,120.61824233787111,107.82463274022368,137.51842681353878,96.48238192189497,122.56943466872477,31.451220206366333,94.90004958594885
182,1.5482799982278885,1.7089642030496353,1.468670431371744,1.5447930545065578,1.5560161604191804,1.4103179732345792,1.494907882238747,1.3344229137344306,0.9496354204373935,1.1621158283061277,1.245354855713237,1.0577252756686735,1.0874630990191603,1.0886799056981142,1.1705510043738165,1.0886491650696222,1.0080454168015205,1.1214754576680792,1.089068998576446,1.0940089326486482,139.1682352082023,121.37850432032143,122.39477357972929,106.54763982559938,107.15828219447569,124.69711235361648,86.67903345697798,123.356169698369,21.482833283288354,7.833350823828786
183,1.5166810140178104,1.7120022566069133,1.5620739047911132,1.5725235843955794,1.5819095326187853,1.2623872252226165,1.503928902510783,1.319546968152081,1.0595255174957274,1.1408351858127552,1.1102048241178062,1.3313954580190037,1.047564690364758,1.274465931999112,0.9713147895295706,1.3095735714180303,1.058812918764279,1.0565197688942343,1.0342853344114438,1.09194833265727,110.22396586881274,105.61555568910276,123.95801666505079,127.88614762891237,113.84408264389187,141.8754274974161,118.51184552632837,121.32824013009233,4.3087249171060265,72.58952486055642
185,1.5618728382736118,1.4080835053732221,1.6794115463502737,1.7148812398718674,1.579279372125358,1.365706535337247,1.5236655621282202,1.239066983604754,1.2225649348952343,1.175854109688025,1.117669511255372,1.0182875657946993,1.0967521544642944,1.1466496748438901,1.2096797192176114,1.2021389080463656,1.0819254580028537,1.1144029629735173,1.0913137601132719,1.1429171030687855,125.13472732479076,117.64441135825417,125.83506639147447,105.07311824538706,105.49099489950599,119.9379711592898,121.1434255566436,114.69728609421858,40.17900524352239,21.24832846397555
186,1.5744240995721275,1.5224725643869348,1.5032600660794886,1.494449626917677,1.4577891296357954,1.5132280444622053,1.4499509634242247,1.3191026626291635,1.1488741053928893,1.0184070440989412,1.0522828171595682,1.277587863310877,1.29719192612288,1.1713778118811222,1.1215463152679146,1.0730551409644054,1.114684948293991,1.1073579652034988,1.233092480520893,1.1690493440589154,132.2200403544932,118.3625944604942,106.1252494562047,123.0671887648516,128.0347277409046,125.5326453808573,121.1694814851405,124.43096289837335,85.63377308064145,12.45803510395687
186,1.5649360642118617,1.6634257911378019,1.7258405520911033,1.5714188340344937,1.458639399468744,1.4906440751493915,1.5637295814847532,1.5001794343302841,1.047129547481834,0.9534417406526023,1.1419383401705014,1.0174040618569724,1.0225575616830918,1.0621983406530628,1.0721415225607729,1.1085241502586143,1.1238055565303784,1.1363370866674287,0.9832711334383981,1.0831019075746102,110.8501161420794,111.62784027101594,114.22169544254692,118.45412945330906,107.8675898873714,137.55356276372117,100.79518749606706,130.36780046266063,131.78789854647914,31.833329080356094
188,1.526319469820976,1.6611600187458697,1.6754016241431746,1.613332228834663,1.4411753264504439,1.4883969179856888,1.466811885959117,1.4767273965342664,1.25602391148991,1.1331381697111755,1.1332776810951353,1.2352742137261943,1.2355699245796297,1.0456915698954234,1.125634904536458,1.0683930995573008,1.2312109606896466,1.1698486936151915,1.1230352585817664,1.1223843694591598,129.80487087804804,117.77044630230807,106.9341974286427,112.7592774928445,120.5819343735123,136.57376462659434,125.87108284141988,124.5879639652651,125.84216531693488,18.38394097799185
189,1.609423239747703,1.4615415886155507,1.6150491661821018,1.4782413547389375,1.4450376131728646,1.4221107727931634,1.5820645622533198,1.3830708243766858,1.0986555625811794,0.9629578934200289,1.1973742050965739,1.1928528771755924,1.1276073608759778,1.294234572875908,1.190319593789024,1.0857025076830633,1.0184054744337199,1.1337032925116328,0.8917491520404723,1.3817717811764703,131.73226093828825,113.07582981601412,114.9059855065063,106.69178299618001,120.55346029872977,104.22147560713074,75.18845639367596,112.60301122159797,51.57094806810191,4.358284593191034
190,1.5210494168526296,1.5170370275719791,1.5926077534463996,1.5330887606677768,1.4179269015898603,1.366599673264127,1.3422118667966814,1.3705066415563572,1.1012855756705686,1.023395913050488,1.1168423868167041,1.0755587941821187,1.2178914632044573,1.1422493382139733,1.0870359081508458,1.191738388091808,1.0739344051527557,1.0546154320230576,1.1019132653450807,1.034105913458443,113.93035030811825,114.72896219325419,108.80852625652518,106.15908185982904,118.64378743554735,135.5940898281664,136.77742433606934,96.46891204646865,41.88288407457157,53.14823694845608
192,1.4314762678709283,1.5122815584107794,1.540560428506197,1.5277219361433594,1.560223832011742,1.4440760694498511,1.4581406165307347,1.3757870500224156,1.1445570938961578,1.0773045208347818,1.1559445370607895,1.133862042299713,1.2016845770136007,1.1517611322295844,1.0650264161854746,1.0670314332461606,1.2785273706772577,1.1082531478825641,1.1937289940818345,1.2366438369103792,132.40218563365946,113.03503984763462,113.8845897967575,116.55842167342273,122.06258954744325,136.6778955022909,86.14296333879089,110.53608143850118,50.082772896456575,2.562171107908714
193,1.5404564956571327,1.5101651302804298,1.5224912594012974,1.6307791367004607,1.5281043600295154,1.3162508533949315,1.6165269408112017,1.2441494269109032,1.0742610999870157,1.2831078419372977,1.1082208379374519,1.04835977883837,1.1125701400352943,1.1485028858908881,1.1613982163920293,1.0202366202766904,1.0819069655474283,1.1692020234994374,1.1028301381755576,1.2064464214167363,128.25924461832602,97.42572467498383,119.54098771650276,101.59780227511406,124.45021719624437,137.0729500639159,110.98808628913679,130.24693171974937,124.47590303523215,13.957810371240853
195,1.6361613824683172,1.6308430330846766,1.4559831280288962,1.554268000386264,1.476022374210036,1.590082777447182,1.406912778575395,1.3827586228536757,1.0492843287256008,1.040508385669086,1.1110218219972174,1.1114993633973762,1.0559521284028344,1.1656681929993047,1.2687940426622248,1.0819347895498164,1.0530251055974902,1.1190930951436415,1.1073651143746401,1.107176795555178,111.02164405568658,129.96416545748335,108.91685372175439,105.28942530236074,122.31628753187299,120.3664281758287,93.09745277114403,126.77251794775579,50.26890300412525,6.278482075111854
197,1.5538811794106422,1.492414171721259,1.5047879261310373,1.4907556889932374,1.670973461346754,1.4968847799183298,1.6380192038258492,1.5546486527046135,1.217391246153842,1.0289711432150122,1.0499121666570357,0.9911252510088315,1.1975405740562712,1.1772906040159234,1.1880547406696358,1.2829455268514858,1.2005821592861587,1.1940382942661358,1.1866322539089322,1.0069096030486255,124.6040630619672,126.60546374924935,126.69726742261929,128.4834057436743,116.57034868990534,113.59766337138747,53.22927287617099,99.61377940117114,28.257950766928385,42.12304115502321
197,1.6100207343057404,1.4953107531939682,1.6154305165064964,1.6149002686693348,1.5930506655235313,1.5209548909756012,1.7605447403158418,1.392376613520921,0.9969230800185296,1.151903301248142,1.1494658908477469,1.1745622186170241,1.052252529588494,1.0017765443436417,1.0308823070706783,1.0011248406418272,1.031959363969528,1.0416666654465148,1.0348903744698181,1.189124909702626,128.299422294146,116.20310520594099,124.16322342034672,129.5222838866544,119.34381625246716,113.07916640960029,61.05532794765776,127.08377283480591,15.949725918933286,22.678209123386207
199,1.4867996840833215,1.5438659044229228,1.5583769484504502,1.5001339625397212,1.537527689254234,1.4004790742484565,1.525704110840029,1.3700325321755662,1.2656927591487654,1.062236795660607,1.199520551866662,1.2995690882204898,1.2184287521543087,1.1907988627709403,1.0692199003054454,1.1008332567605825,1.0819559864082813,1.0766881835329893,1.2739880406084023,1.1152137995477076,116.08938586620424,120.25588250490766,106.20384938993243,117.61521561498456,133.49035484730155,116.1531513691744,125.67841998971724,81.97879908457926,16.773382894875937,65.24401454630642
