TRAJ,C1-C2,C2-C3,C3-C4,C4-C5,C5-C6,C6-C1,C6-C1-C2,C1-C2-C3,C2-C3-C4,C3-C4-C5,C4-C5-C6,C5-C6-C1,dih H7-C1-C2-H8,dih H9-C3-C4-H10,dih C4-C5-C6-C1
1,1.3895645856850072,1.4639649617027697,1.480947072573991,1.4687025871454116,2.183256797025022,1.45044104293783,122.08280167725968,103.81094081632315,134.55452367058444,115.67826004151864,103.89057790692728,90.56566241996616,19.234156113138447,56.44296628828942,55.3526683769942
2,1.372293044896397,1.4130774579954313,1.3270322955368763,1.3646428930973642,2.0225237589361296,1.4476761290462477,116.07289412977967,129.4887821735667,110.39193865370699,119.82267983949637,101.83566113094281,101.87310948892718,47.723117413220486,22.637464436262093,50.448892025147536
3,1.410694937606739,1.3837667373716873,1.3909455708417988,1.4839288181042927,2.2739926448137155,1.3522916209634435,120.12124739041734,128.11985669764837,120.54989355904665,128.9719664472833,96.0628573570852,102.89743176429411,30.906533361279557,2.221152202892213,48.02544701109429
4,1.516422528749473,1.3667375650988798,1.4354584031599242,1.3505489389926801,1.943681633660052,1.3902371600270793,116.82778705899908,122.76421673800988,117.47972388871284,127.88178536548018,96.9669244059008,108.71565832786266,61.454495768558324,14.362941973268569,56.93377259045948
5,1.3905198786669752,1.4273443218708692,1.3568605160349205,1.4805721605783109,1.8622862756189922,1.453418677118389,114.80039542902882,129.15053291484216,113.6763401370574,122.96225141240716,99.15063945244766,110.57500223462377,84.2103143772096,33.74282838270278,50.98377330435487
6,1.4030762555361918,1.3869383932413257,1.472744271843315,1.4033023840092713,1.8755741921224751,1.3929819717167682,131.6477965183621,109.83842339971855,133.10047703245758,107.76826667483799,115.25329295799587,95.09974284136742,37.20463148315373,92.41098771380368,55.61330162632138
7,1.4389320748851127,1.4215012562203106,1.4071831632178773,1.401300586400881,2.4618493139981057,1.3682269254563522,123.88853263290555,117.31292963393388,116.59312168062941,110.65111958176462,101.27138601635858,81.78389667810987,16.87198306477631,5.627383892247653,77.01910338949922
9,1.3914211307541644,1.474602185041217,1.4490183982061091,1.356295973889923,2.249692779173516,1.368610591834804,122.53738603529634,111.15862456249612,126.28934107747159,123.17483320046769,102.37867183767912,95.43304186785674,20.208607579094803,28.599238000321296,49.22388638060233
10,1.4540542277617965,1.3712357101145005,1.4486551406467083,1.3577902665408716,2.133951907067034,1.434276397071649,123.53079436037348,113.27927981443786,126.33438865147299,122.15727158725674,100.17866582415992,99.34964807911348,28.878560135939168,26.75673969884426,51.48279098423195
11,1.33763040049291,1.364303486035058,1.449813633307046,1.4811391663796927,2.349791387917217,1.4840691279555482,117.63558034211465,124.89433572497771,112.97972647033525,129.56800483856566,93.80924879268008,85.06761132306241,40.461185238826154,16.313025603988496,61.98376362693695
12,1.4925332694498665,1.4246621307358243,1.5085689996126672,1.4975538105003696,1.5260986745492031,1.6350794473777701,129.50961700972516,111.02580669302665,89.26043528192194,119.17938868842779,105.49586502420186,104.71790708024149,22.141864528161527,10.562444736398803,9.389100464570225
13,1.3931724582631628,1.3917854091098956,1.4709130408510525,1.566993587690765,1.5372018807034429,1.5023659795174922,125.22336660410444,113.4191162477639,131.85760477137464,95.0350566873941,121.26702182224712,107.32764422695948,3.9803246577788793,129.64472887526162,43.95488222980918
14,1.3500517163723287,1.4226587303300824,1.417050886966829,1.6109709820589702,1.6982658363034184,1.5461756961166622,120.20995306873252,120.06844394842551,120.03195010798754,109.98453691048492,109.69044901213896,99.60517479087028,0.8797735901270566,100.54469908430919,57.262031999413836
15,1.3649285253709698,1.4806758617442384,1.385370725717604,1.4566305653339835,2.1091766682321103,1.3983188768970218,122.18635434000569,120.02039778707815,119.38514661049388,126.5530469550676,95.56182943856707,98.38919120949328,36.86628753962477,34.706435864478095,60.85491244377365
16,1.370586251462599,1.4799174037718226,1.3899604465832862,1.3983778004102008,2.04937874368797,1.4808295953188013,117.97410120746855,129.8981689960803,111.34884630093923,128.24810927861154,98.90541322877722,106.1628423015868,63.18499609001641,15.853359623231738,46.79412641598564
17,1.4295450090313362,1.5063732036628672,1.4366439000093763,1.5130950856824652,1.4647844774864156,1.4628382681915562,123.67805235413238,119.39018000685621,85.93333887493928,115.05834101071923,102.10253786033188,111.80346466969652,21.106856895670937,47.008661482956335,25.34051858785025
18,1.3634834652764225,1.4082164711568312,1.378436567371308,1.382239261374123,2.258306514549721,1.3418723916973754,139.07972723453446,123.59582619973025,115.9879101610905,128.6607561130902,103.28860730004104,91.3976494536526,27.321002611606175,37.365262291003724,40.966487787259474
19,1.3780675458093237,1.4527537994746493,1.3331849414538068,1.431311746213268,2.273076407228679,1.4874678710537779,126.61350720086898,129.2199964107773,113.58613022958505,133.04635542967804,96.69219962244341,99.89265872797357,46.396542499210355,38.20004908645636,39.210657685078075
20,1.4703127282819852,1.3899779039080298,1.3931218391983629,1.4226213607916485,3.3958145230753867,1.380989399084085,104.03849250758618,123.00866509029491,106.77236651644434,136.52068747695245,69.4694837556209,89.25043366190866,41.03120708149711,41.08035644952178,73.90849170883362
21,1.2769590789436756,1.552322893812372,1.4521327583483687,1.312653547027475,2.64789927336733,1.4740659640048988,136.5220428039387,103.60609139367317,120.1639609437235,111.91171044140637,95.03215556769896,80.45552313506755,29.060092693024032,8.763146423508049,73.26455157290519
22,1.444418539902167,1.3934372370275263,1.418496363463526,1.4483033582485096,1.9729410767997697,1.4601409094288025,112.99449904750196,125.87504875206223,114.64702974657357,131.69003825287567,89.54573352945062,113.14937959882793,72.09631178596123,18.031586370741955,54.934788276600194
23,1.4619389217548646,1.5047648647031175,1.440855866956157,1.3932207105548005,2.4516221163588385,1.4524885303414856,115.36205489120658,118.44060031637346,105.34588047069613,135.19543049966018,88.50867790922429,95.40858880172838,19.312839490011456,11.7188721346683,64.27705008046418
24,1.4474365625908172,1.430452081067625,1.3658378551056234,1.4299013127273124,2.0592465376405062,1.3724975641185957,129.56512566282655,113.12248129717725,124.28703221692533,128.57687844780915,104.64316978095349,101.7089791880152,20.476177515837954,23.517749329573025,33.19952889047301
25,1.414143193950018,1.4382488592230172,1.3715842222871668,1.4531008893184159,2.336977280012186,1.4126300437784216,127.42117107496968,116.85403515264613,124.3243037621258,115.69470211591121,106.19997725195309,95.18783383696265,40.75125837429798,27.183182710766175,48.06952407909162
26,1.4135291606646603,1.4885003249410917,1.3689877741385,1.4071319569020513,2.222592076511841,1.5166120205040587,117.26360088044737,125.53039311728024,115.83578666057913,135.52596816532633,88.26413485999832,107.11902026761884,40.353295751454176,63.47862750499375,51.83355535618067
27,1.3693578545108307,1.4543756650240616,1.365616542494776,1.3864687782853864,2.2397228651881447,1.349359761698122,129.4164413990537,118.64767354198298,127.46411963576428,118.52502097432601,103.68331363348837,94.63377609798768,26.833154215861256,21.436867576178873,54.66167800198677
28,1.3918468582567025,1.4301991177993176,1.4787049904859388,1.512529461937658,2.2863331964774183,1.4102833848328717,129.62238512671783,116.99512021012262,124.20975002737359,110.84350264674279,98.56755647400004,87.40295957647874,1.6758783914785351,31.96263202827119,72.53520154145613
29,1.4196485047087755,1.4137045373363946,1.431968180891691,1.458580401503797,2.3439470724766034,1.3988606780891255,116.93766463562316,129.9220824393704,115.44840634428563,127.82457926455304,89.45209864615596,98.99859935932405,31.87348316241643,29.000828710795954,62.803860219487646
30,1.4849533007190625,1.5615701389883294,1.4343487882266834,1.2967025605842135,3.183893763407151,1.3121532910519016,133.15715305124615,97.89349649027774,114.94499389153309,106.7229304364039,92.53923282350364,75.47771781550595,31.83246895918635,22.53583069483913,70.06763544550027
31,1.3526774298223765,1.4115791988728648,1.4533072890595458,1.3811265909059212,2.258824764918707,1.4122909658833767,117.28248058629698,122.53081650141927,119.36375409047996,131.81942489519733,84.93497295802027,103.22779421867538,28.82417927543526,19.61594684749408,63.77775952759393
32,1.4823354478773054,1.3898953382907584,1.456048747975941,1.4211768662137572,1.9793901005342893,1.3338458715947572,132.63787736266337,111.56706576516743,127.99510959461793,121.88904091629249,103.56922990022456,105.9127601184114,17.485679895685855,33.18209142248143,41.45732172930577
33,1.4585225805112563,1.4485090693732106,1.3296872980601493,1.4683249132680567,2.482919400427302,1.4050463553477932,131.71456223296545,112.452441939602,128.4356401690858,113.58120803372353,97.31998919283733,77.4175656834764,18.501250941056096,34.89580623953359,74.43509657616096
34,1.5145887765308044,1.4908800557329662,1.3472224722249198,1.4777010240374526,1.7369851758643242,1.5382626230866696,116.58272882904055,92.64505098270807,127.55474857474188,121.11642605799399,111.96699678412674,93.00159915560221,50.3204647883161,13.427569792632045,43.025295816421654
35,1.3747639076682956,1.3903946822680482,1.3796265787010513,1.386549058182263,1.7987298962092126,1.4406886743188099,125.17874750742044,105.90140946600873,129.98745894417155,118.57646124636605,109.00983614118304,97.79467202016768,3.483965884640352,86.01296452362975,49.35348809191919
36,1.5194980305237396,1.3706066831266441,1.3972488068123823,1.440646244895471,2.1795107987098667,1.406313804860403,114.42342129571645,116.22504031187272,121.18341926435663,126.69441148171592,88.69285482684741,100.75869861361998,41.70789540516386,19.841497153355938,71.30969964961842
37,1.362498017046032,1.4511273036556802,1.3227881068111,1.4152115029663077,1.7640398099307175,1.3969830082278625,109.34898818346643,132.93198843343453,108.85131575600721,129.63968093746647,99.62810188380756,114.82030926054394,111.60469662255534,1.4702115951445172,50.852263498661806
38,1.420090988807729,1.392993346580722,1.4828606623708545,1.3923126856847448,2.031665085555885,1.386435394980051,124.44242945417561,116.38927336740305,125.2210203464112,123.29530279678123,106.16639832255055,105.06988036443678,17.8164719548134,51.844326502890866,37.85979918717956
40,1.437185302930674,1.3772412525755637,1.3657759063315702,1.4380782010375506,2.20419651601876,1.4024112265682582,120.24719820808014,128.6096466012575,121.77697820637309,115.24398351648853,104.0091868367394,94.85593504556479,7.605471255530723,34.086068218480214,62.815407695580106
42,1.4208891057934856,1.3800201113491832,1.4158418943677449,1.4454738969027396,2.217843474187165,1.4678128762483198,117.46358813442706,133.25149520167244,117.6137097132457,124.69685928108395,98.42253821477087,105.36170496750883,55.17900305813309,32.990474325732734,45.581975706430065
43,1.3515326641424326,1.3591041492563358,1.4472598395406149,1.4311789093198015,2.3947224176303266,1.4591739104422825,116.6880497359216,125.77608440840545,125.36296031147423,123.4383560045974,91.51332186089657,95.92007483737285,2.885548484745957,23.813171024367907,62.85328209425389
44,1.4364114686957068,1.4517043100424416,1.37449710217176,1.4482868500762998,2.0780785560795256,1.4458629736587356,121.67671664227639,125.53552942229477,112.04518812682534,134.95635444911375,96.33898181628145,105.17804497682133,58.12489919903604,14.686342405469572,43.91854508122588
45,1.4305864454485453,1.4201374852557735,1.317226731137875,1.357581884347572,2.5871935699807023,1.3829363937204848,142.01075980109363,100.8967465463927,129.37797187291588,117.14948021570596,90.67284943223504,83.79970600889153,13.731842191507663,21.938838446330447,60.881662538373945
46,1.4106362073035927,1.4577813134051276,1.4334807948953507,1.4281204369972607,2.057275453757712,1.4717459579157863,119.28172280089206,125.13831351195402,108.09737863144726,133.51884121496033,92.39714003783472,111.62536017076623,45.98767072160276,9.804210667604215,38.16260375818468
47,1.4028127275075544,1.3958789917961545,1.5435746495163503,1.3201684178905337,1.8607462891531732,1.387083335808788,122.26741377279052,127.41332731544935,114.639964364208,126.59755771967214,110.79656826752098,111.33347536115744,1.1235426771733557,73.80449467661509,29.383862691854453
48,1.5668198130436546,1.3971861749033196,1.362306443920234,1.4556249772616014,2.1877880404141745,1.3941149938562267,122.5027083590466,113.07516558541028,124.40413172770381,124.5494051794073,92.64315516671091,93.18136451588892,21.544746817471236,22.599170489991398,66.28187692008521
49,1.5591859053831334,1.597778180729804,1.3572191627988224,1.4321142930858313,2.50385605655094,1.3716447011281137,119.88280805148935,113.69766663577364,120.2673588495091,124.75522096558366,90.9499337531054,93.74496565940503,17.015748341277025,41.134039114484544,74.31950674190438
50,1.4157832642727657,1.3974481267854926,1.4213165088556468,1.4756730391910955,2.1885243362589057,1.5092800303341956,128.88790648413342,111.22581599709554,134.7847054960743,112.89395902722511,105.44874190289444,89.76929891333158,27.181796731722937,57.51525368613529,57.41409673597424
51,1.3692682045842033,1.362042271701762,1.5054466188474527,1.391088600196073,2.039227024684167,1.4192794504622566,131.13163267282178,119.74965085613609,119.37867703138143,130.95860933258405,99.35625664620831,105.64131756346187,51.00514298955808,14.280587512202281,37.62138959287619
52,1.3171713458702317,1.4467585287890299,1.4459190030458777,1.3830974548637611,2.0556092937857966,1.4067441281396147,120.91979977135877,130.38881113947778,105.21800353739299,113.9581451295003,94.07445800125183,101.62492149408646,43.93387308814071,26.10172737707007,57.864580603396035
53,1.3970999601044196,1.4097892919100443,1.4148860727043457,1.4150637537721622,2.497568505258898,1.420211473824728,117.96128396259594,131.39681923907645,115.13825947683631,131.70383683732953,85.25984981178593,99.5650617399007,27.732468771201976,6.7271575691556125,60.69880654379526
54,1.4868760020631386,1.4400704911907491,1.5747859394852668,1.3766271535030505,3.804301549405178,1.339670334236434,111.17006354763045,130.02462161356218,92.7195405648571,124.91005682660045,78.35745340780366,53.844916272900036,28.15666680968301,9.035643106785255,100.17296638836476
55,1.4483533460743492,1.4885609300832272,1.3844358661156415,1.4124638870681305,2.1199190818661786,1.4363718682899747,124.49030607079673,117.39466738562001,118.48436580993551,129.7612654447495,95.43472895040159,99.07150191211522,38.427070935887926,24.021219424574564,56.68033092282254
56,1.4599991732171813,1.385789690865231,1.3002275504498197,1.48895477157314,2.2880573332237555,1.4555099732068013,123.91407472104275,110.41507833420631,132.63332016409746,120.28181347295003,99.77881085937568,86.46836994300158,13.271647837012523,42.97378942019201,57.717959035772004
57,1.4659291333263353,1.3477404014511065,1.539807862846021,1.394268676378313,2.2384242418504354,1.4514127554880911,125.88916905556549,119.66495769351381,126.99045234281671,116.62765868304376,110.08580910906375,94.27302410949038,25.27267419648518,11.452567896382705,49.29394889456176
58,1.3114242208136448,1.6064587183177712,1.3782603635751278,1.694655338513109,1.4503203135004235,1.617513615824159,127.24512127903336,111.05515315795395,129.86599059095477,92.931595903568,125.1885913623184,103.69186410084554,2.1535760911840414,145.11492064828576,47.64018103526422
59,1.3687623751167206,1.449353053005607,1.366834218754068,1.4194771195134557,2.289376803735203,1.3573374797856184,117.9853911775165,129.16466438979205,119.37912604157985,123.27232549170279,94.96949208337946,100.17284187380628,1.7947701984661644,0.5432565790924494,62.29305152743196
60,1.3732425247804565,1.3126400450665134,1.4683008157429311,1.4538997059397873,2.3054392322942747,1.4991672542854693,127.27272693615743,120.87165759060842,127.04639727843559,119.58488330562307,102.6624522350043,87.94454424556716,13.472388808761497,49.40483714936208,54.92464529322617
61,1.3688153400128789,1.4071237934543617,1.3497213224720912,1.408097880946787,2.5443221321514877,1.4450832222804078,135.3696152917348,115.9496044441513,127.59288999164319,124.06933421988244,91.00769828553138,87.0445862852364,4.987901163206705,1.9243242313084483,56.2816940685136
62,1.4121342613245078,1.449632642200131,1.5024521765516983,1.3283722666560356,1.8734541930862385,1.4261180953070076,111.88954133892543,125.47201190232201,110.87375145946008,133.1684085473341,96.87543848724634,107.67643845820308,89.56100174032038,5.716288488185405,61.07393034377072
63,1.4982893934166055,1.4207812016596315,1.385808074720312,1.4174068373100264,2.7020328113187153,1.3873785409543926,126.97212136776216,109.5618924247831,135.40169303771276,110.81629470958208,97.2416415799181,94.11460934238991,6.045580867605353,9.87367048485995,55.45530201127038
64,1.3129451469614815,1.4269026163960383,1.370986681750817,1.4070213422004292,2.1183439392720778,1.4031533780822554,124.02881686364955,124.1041806755013,119.85018677594155,123.6880644152139,99.38454282726784,103.1501201533186,41.5657247600745,39.09181154827435,45.69822377634038
65,1.424283159800939,1.4222954682839786,1.4324739746735256,1.3588944391579492,2.1560551578309055,1.4541810567163345,123.71146362008422,123.92786534010865,111.78941183287102,130.32091660296334,93.28461523118142,99.67654318888658,36.208480745111224,5.218174956605529,53.061830371302925
66,1.3857119252094974,1.4255666406499021,1.3949590090124946,1.443288522909582,2.010070730655402,1.4075702082240482,121.31836965093066,128.2823583716318,111.91521969225624,130.7616798603389,96.57794782007612,107.11381440590573,70.8439880545982,27.685782445589982,46.792934226841616
67,1.5383345371530832,1.529690894783809,1.3347760797562065,1.5906158696924302,1.6970016312694014,1.4569094932830227,113.96263507257103,95.99537062487886,133.80836564434946,115.3558564002941,110.11922793321264,111.26504726713782,39.54664361675644,50.817350967861714,28.354309106904356
68,1.3868652248199647,1.4751509596664172,1.4888663727795783,1.3853502534057913,2.1733463213765214,1.4125909973363817,114.5154676903727,134.49661068897385,112.78716355543936,127.18689935734402,98.82569161121533,107.39237030298791,64.60624993785805,8.027897734703561,54.03153586644688
69,1.4479172448001953,1.3618360020514237,1.4756989251888402,1.4362468551761034,2.265692922290585,1.4742559996166935,126.26123389192271,118.65157091017323,122.39634724309764,127.39930176078049,99.51207657670777,91.51521213661246,23.158039010713562,2.961734551715913,54.43363995731736
70,1.4611691793856239,1.4286655302708204,1.3988264237788297,1.4835715900170996,2.684702973193133,1.5312892105648683,112.11307041250889,117.57378038825924,111.45826338420578,136.50855944876903,80.71278936567361,94.85350460036017,15.0331319956427,16.600430697721247,63.33463286802813
71,1.4472094425972892,1.43594306090169,1.311709889931504,1.4646223877057722,1.9354234595547442,1.3388925344523652,130.700193175934,109.75539826069252,126.45375712391677,112.96538444262767,102.55578534537845,98.34150329001274,33.96527033504232,39.41160802673551,55.98778452182266
72,1.4595500334407787,1.3854405782591874,1.4438338566725533,1.4109555555262716,2.173911230958278,1.445832225050027,122.7285791324728,120.13884775801387,118.64729557855833,131.70615727664978,96.89008682871686,98.95385199096957,30.000693445607045,21.25090664326202,49.722860270764684
73,1.526662119269117,1.4872689944256638,1.3154546994258294,1.428589497120227,2.263266687840209,1.36405208003504,117.14975637081221,121.99405878539794,119.6802572357517,123.57413608007663,90.02850702489683,101.2848481664027,23.63889629823639,3.7608372429347092,66.62226447935932
74,1.4289815701113031,1.4985078813142492,1.3947465880290164,1.406090513871904,2.1040234523708743,1.4373271824923843,125.06008468814674,111.2446358541491,126.0286155370401,119.7362581477507,109.68996863691488,91.9719716593198,34.28649962174437,16.050698889782318,50.53681809113923
75,1.3717621179168629,1.5111263126328351,1.4098134333868033,1.4904625435386807,2.305589788099869,1.4028182243816776,125.62554194221009,127.1201276693203,110.76640809134705,129.0179432172331,92.51613934988598,92.17194246037586,35.39630721886571,1.729505309633718,62.27294739004971
76,1.3589334964434017,1.428564160990153,1.2859469840302555,1.3667863007141374,2.2618972106989204,1.3970260042429352,114.67260983827887,128.4387253513157,117.36020698579141,130.7385615901971,91.5478629105445,100.37284158600818,38.52641790503315,17.008904637963337,57.79915734914145
77,1.4247922658154473,1.3965379514254974,1.4914720867184281,1.441423099674306,2.185257130454709,1.4167375913869773,130.92917241855395,117.82910777951606,115.82472976262072,115.05084767733237,95.50756241351124,90.21017187417098,6.307014676325907,32.27942438713518,69.00744019699333
78,1.343083497332421,1.4075540754978484,1.39959642968357,1.423024829072682,2.237415403584755,1.4794232719927904,119.2575369963731,131.4492349202844,114.04733125898777,133.2194678259148,96.3184883879871,99.41264081648977,60.15170521332727,16.867820993685495,48.1285234108643
79,1.3786788627235553,1.5030449506657084,1.4078635600383855,1.4148698148100822,2.4347772687369913,1.3698552550093943,112.73250119515987,122.23392236654556,119.76215388694654,124.87410779091402,90.44166669316992,98.46420977503779,15.286892692182212,11.433503079336033,70.50749570824209
80,1.4138733938043968,1.4829799488545892,1.4414780125342446,1.3780217700057746,2.2180881029248174,1.4021392123388223,121.04737090137618,114.46917150080867,121.46224085070588,120.94346957168247,84.13958821109792,99.94724291058938,2.459957413991694,42.262309645684134,76.2256611095026
81,1.4188225850530363,1.4456351587244327,1.3385696543499717,1.4335477246347206,2.328907551031512,1.440692494803074,125.34803281414774,114.52492880323165,128.15281324030988,126.54515007448472,90.28045551582343,95.7893548038825,14.011449437886426,29.269133717362237,60.74040551024029
82,1.459213188648184,1.4192633470050668,1.363621601934539,1.4496306691808245,2.128884538038038,1.3497393214879208,123.32411698868927,112.81001233556178,131.27512999543944,116.51569034848075,103.14643312934658,94.20872758701083,28.649245996338415,39.766137956090255,60.11529837068226
83,1.3869719789714396,1.3968732581812942,1.385219422733293,1.422672939923059,2.171516065475509,1.4317627832429252,120.31323384906682,125.12089421693575,116.25597412168146,120.9952374291228,87.90551577506223,101.08696477437678,44.11929724426965,23.258741924018306,63.06138655883695
84,1.3935765625512404,1.492962599897993,1.4471764004360053,1.3886037266777445,2.0451714110691697,1.5607646322348503,119.40625616003125,127.70907422880633,109.69092439924631,116.6410223156787,99.87030256522195,100.61838497212474,57.09275757318274,7.936753370547119,55.76877339062075
85,1.3525739168067406,1.4125789721801827,1.3587866521225922,1.4487369451076473,2.5192593429081755,1.4101634970162653,118.52088416686377,119.13678681471293,116.50449979569352,126.87564232238668,87.85476631273681,83.37566843374437,1.5970112501686695,8.102067814624982,72.71414100569658
86,1.4440471334217657,1.399860147720882,1.4036970891661222,1.4006553617455864,2.3668569021105257,1.3648893997182145,121.9773627462831,122.40645730769086,123.44630035873698,127.2764327794092,91.59319313931744,100.26054765914374,16.67545957946051,1.4810851586173936,58.74472466129256
87,1.4528197709689308,1.4387674529494876,1.3559782108641365,1.5645144724025193,1.4625318636677573,1.7137381213622986,93.90644481314129,127.76711731418487,116.70924019485389,125.82414652687486,102.85024706356772,117.86903902430772,131.87556133448223,1.574453352488652,55.869285385772635
88,1.4499363420484634,1.4860188212749808,1.5293949019269333,1.472646013698,1.8745124807249476,1.3510274137511709,114.85560552072931,133.2074350003649,104.50251506674515,118.35054910278215,100.16163094468028,118.45406495834094,64.08636240208743,34.66380400636161,40.92829503898712
89,1.4633755024693902,1.34204208189179,1.3859041179656402,1.4285729115664696,2.0134031352555843,1.4168923190708238,126.47750281578884,113.24708390133537,128.92301535173348,120.42955078526164,104.67165726565001,98.42729268487324,41.29429984462068,52.64850328652349,48.699994064153934
90,1.3854571325427336,1.4199699688250775,1.2988551180029615,1.3867706492104321,2.2337576313443375,1.4928205776180754,120.18956042405193,124.73003549862635,118.93070121514363,136.12740442180782,92.40312435186948,100.9799106674922,61.45688090379895,22.016296825534702,49.23208665643942
91,1.4223506627741442,1.4504276483015142,1.3986126583014684,1.4467812588754316,2.028990621521648,1.4116597202957102,125.80926959047552,117.39481893960867,123.57647351603933,118.48403227321077,107.02963067657686,94.17885348527687,44.85124484306203,45.12485280789635,57.19859856832388
92,1.4235535521633995,1.4411158229310284,1.4669591113771525,1.344037599016915,2.1764933723429576,1.4125767069709496,119.88550046424922,118.5843154072108,121.30583390910165,123.81672288789478,88.08904528254256,104.97783089160261,3.3271851777736186,38.48693980914717,66.64135923745471
93,1.4456849045586235,1.326495632034321,1.4673452762109374,1.4246643717094833,2.2073849159900214,1.4118839018687626,119.6679107405689,125.97687816060683,126.81733604463189,114.00965364591086,102.57962625975325,98.413803415947,22.663772087177882,7.545242421432887,61.732450271984355
94,1.3580801119874393,1.4008402122392547,1.5376365922844821,1.3429602948833619,2.1105858607998735,1.37712079465459,125.6127580325535,124.59249722441793,120.65544379543981,125.41581320253302,103.26157880248533,107.54525336530587,52.4928605363659,41.49051290479221,38.77198321068678
95,1.4162540001846498,1.3457315660443931,1.510265315080169,1.3854559147574328,2.2436741877508664,1.4230976757301985,116.54240924727247,121.6708728032333,122.68615613395839,130.55829624719507,90.58745111015195,104.86656427443177,24.213950306894002,14.7617540991818,58.245087003246
96,1.4104675000652087,1.3728239379163916,1.464412307587647,1.393653433512328,2.2915141724706984,1.3756760567428223,114.84712254750745,127.89103768681836,118.38603832440275,129.46748957210184,90.2141626722534,103.01493635170814,17.661065456781028,12.89439832790695,62.60678642548881
97,1.402805087784065,1.4097724881292883,1.373103487414572,1.3553314205569185,2.438886129737955,1.4752121514398164,125.2451010005638,118.59509265356886,118.59612573959656,119.76369031221657,94.88098888792916,77.04993079802426,1.3589209075026139,12.124255688029852,78.07396865155968
98,1.427097057815495,1.475393123290848,1.3837574448538756,1.393491099316131,2.0196700978824884,1.415500907326921,126.66811895448318,114.00012328433586,123.79082533534228,127.458739908956,101.73981284896156,102.82160934235371,27.601796050466135,33.47472549656652,46.87076780117525
99,1.4308561788897947,1.5057478136936646,1.354518508507022,1.4217263007204397,2.2471711659511264,1.4525410034055568,118.39551025172717,129.12860386504747,115.02486081951825,130.7094530566426,93.7968757742797,107.05464940684172,49.533883788267794,29.183720145890135,47.099581878726376
100,1.338050143951105,1.3754675117875765,1.4327764697461955,1.3528951639714308,2.1837247373363144,1.409521866986984,121.42990035441534,130.4025896147804,109.67518983464007,131.135087755496,90.01894097450497,103.8311084874133,27.13727179587825,16.11112329012288,49.15871611907
101,1.3922001820576086,1.3965846416228065,1.5012448158625584,1.4289860737093212,2.0091890527246603,1.3922270355518727,131.07062416972448,126.25762413943043,114.64670735188284,116.10545125743593,109.72915861450694,94.0085200364766,15.19229160319014,62.63271342669138,55.35091828283342
102,1.4146455408528769,1.3819847611209004,1.4419264149739788,1.4307912291206242,2.2071319903152196,1.485323310672925,111.34059593930446,130.94192138034222,120.72613094091473,128.51695784633455,92.93487528934854,110.20953723099053,48.6444013178764,12.91971942071684,53.79813505519623
103,1.453474461089803,1.3974735197139942,1.353080622244968,1.4088305828304146,2.2493172999951336,1.4532269736836438,123.96136568635715,125.58193449196574,118.48259379159346,133.95408272774833,97.8050237284658,99.70374837770402,43.373336756953506,31.553068652680395,44.15128178865316
104,1.402083371444367,1.4293811722646952,1.4328897228207103,1.3914946436988027,1.9552320836172272,1.381924125475629,131.26397093092174,120.09145081579395,112.97739236633574,131.6722247059184,102.7351168457474,101.65238436294523,33.12559361307679,25.940047400118146,40.21264766090026
105,1.3255562634562192,1.426700338460974,1.4011302149916396,1.4153654821097887,2.1816347282572806,1.4976140924908408,120.24198444584567,125.55375144196604,116.57450711105005,129.1742216751134,93.96282495155099,102.00464868650297,18.87950405134419,39.97445241978199,49.83650489354572
107,1.3332062346768232,1.4358345545623845,1.3889031916786991,1.4743762077751204,2.2604829428385003,1.487524229989514,119.26392735796892,127.54132782400644,117.12790151845903,127.48847606682706,87.8426949347556,100.16631462557311,55.79906802004862,45.06357579632059,62.03498267853171
108,1.4463407098684982,1.4825642094354246,1.3833132110250297,1.4471548094980147,2.29065243468174,1.3235113079100969,116.0990364393979,118.09923739146367,121.00728232194373,130.53807465865387,95.29686559937548,99.13602949017215,13.92387326373527,6.599143315224122,53.05937842524091
109,1.466409287577001,1.443539056551855,1.366300597709423,1.3814889067241567,3.23374946323804,1.3903779460850063,142.72627452321197,104.69873079074696,127.28776137033253,113.5654693374998,82.11555194135585,72.75742162396996,10.800237467787852,21.477841457559904,72.0311025707011
110,1.3551797145236733,1.4586650785736053,1.3904106695481149,1.4281327953000933,2.06550369820225,1.4154030549417704,136.3440781777033,115.01070963087297,123.65394407685415,122.69719744358468,108.27805800850584,97.40922502013439,20.888686450310026,65.21822767411643,35.43705761387847
111,1.4053115504783764,1.4679466135462242,1.4801514965126756,1.3536046951517513,2.3532975192360803,1.3712138987533655,114.12368201927971,129.82350572432412,121.31709554427822,122.61543085434626,93.31465188610242,108.33551811572954,6.534430253675656,10.026645221095121,58.46963498190292
112,1.4309558907264635,1.4439660129459941,1.3735734317552286,1.373190101115765,2.11272554528057,1.308158202577606,129.40360487267327,121.66647037690652,116.96658082520348,127.76991629803132,102.72463115503488,99.28530247097504,37.90332346491197,38.92973392853141,46.04302146160115
113,1.3927136578851116,1.416286410998204,1.3700847787333632,1.4129702753139732,2.3128814953033556,1.5579541705984246,124.48202068965801,119.84177270636457,121.54595160552016,129.35110863559757,95.40074621299463,89.34375755972533,20.61181825474256,34.76254284316857,60.12742259259862
115,1.416129374458081,1.5207831775396299,1.379057351007219,1.492538375964844,2.288181954647622,1.3126973837783171,128.90433462880296,118.94597657287207,122.10180823715638,115.90522248745303,95.1166493016153,93.66560138254499,7.973737652402553,32.94815028339315,68.4673958596225
116,1.5068149688063504,1.448851774111203,1.4178679972301858,1.3982232623303694,2.209344904490599,1.4211638402351146,125.45230958149601,118.41443845758285,129.52493583240437,114.2548906317071,108.29608714792944,95.00309592372125,8.185907165098497,44.15087847443207,58.42472456540668
117,1.4711311256471389,1.3863459683733186,1.3395113361544935,1.5141314345991392,1.4885571507547852,1.4568514122950056,104.72357195940054,110.66239664263918,100.17684757310954,118.92670279683446,92.78591192845695,110.79057929067389,27.46190195207397,44.26342402858469,33.15690798768868
118,1.356463280106005,1.4887494377296733,1.4068867185139315,1.4038342544835845,2.3170278213037525,1.4009276244771731,114.50181628174641,120.79779404654602,118.38415752852961,127.6437563437921,91.03274797812894,104.62829750395558,33.20121562401398,1.6996266272778273,61.882960404856995
119,1.4367446200022786,1.4591732584255634,1.4525895043643444,1.405731945576535,1.8612346364391006,1.4898134336763889,109.80700674539217,126.84493358394818,110.95233352372861,123.56565517015538,102.81168045455152,107.14253452444652,82.05833270663136,1.2969753730786158,56.85408765263376
120,1.4618784863608891,1.4450598838440298,1.4977329363286065,1.499946222963676,2.4328362777565036,1.4388858200016408,123.69544779080485,125.41842335790864,116.19588394017592,124.81456551393619,85.81843856282082,98.15579215942472,47.883051424470324,5.757094506598063,63.569149620401504
121,1.357381628986511,1.4358776314517787,1.4045697225647393,1.4764895831120597,2.1996963834896994,1.4982018923372455,125.00487185699403,122.4918384795247,120.91594022672193,125.14287298932443,95.81582363511993,97.30428196704547,37.39911217855125,48.84254373678733,55.461064249978016
122,1.5119810830360554,1.4483630949757476,1.4376490172740457,1.4067684727708305,2.222721927147854,1.340826023098509,129.19228620103164,111.18450176965813,127.39232650017821,128.15750519438723,101.40478475643653,98.89335186592817,15.278663388093378,7.741575017783886,43.2448455538192
123,1.59502154236879,1.5827180094523225,1.4103618341974857,1.364102658520865,2.3151662407337383,1.4184393715057309,126.26671037697817,107.41948818280281,131.3201806456672,112.10063168803123,106.52344934213697,94.72400445631682,22.452250806292803,17.7944213527696,66.38987597090045
124,1.3681473915366904,1.3543958499507514,1.4626694024050892,1.4538566243239042,2.0493534608769073,1.4069142568137836,127.27243343292994,124.6850657529555,119.30069502527904,126.10175219390462,99.82772784327507,105.74365267042407,26.673733365064972,54.38076548004394,41.76332356013297
125,1.3739754095011818,1.4169335127981002,1.450956737234822,1.4238458958973927,2.263758663181184,1.4681015115296956,119.9695529849537,123.07295464724403,125.83863014195936,118.85965272194396,92.07151412105968,103.56415737971359,36.42612498354518,19.029443280586893,59.983540787147
126,1.430663879447787,1.37021593371075,1.46056433659467,1.458865149581403,2.4949527763812536,1.5056895227323361,117.52634591969715,130.60936770252192,119.85959241437071,121.17401255894926,97.11096518076162,91.35606503499733,18.089899788605624,16.84320536291487,64.32295105937303
127,1.4696312265964961,1.4318967124954924,1.4606298775755946,1.4626218581760397,2.014205248857299,1.4025621810514006,123.86125401569261,117.11581299991471,123.65163431465218,116.2333856633522,103.5609101001744,97.49938809976054,48.221362971032825,36.31196765671982,61.83431843057232
128,1.4042443097690787,1.4327785831461242,1.4176681669136904,1.4430343178094576,1.9966909641355433,1.4098227768864473,117.6498356856036,124.84061715250635,114.89202347034899,121.88559570026852,94.23790071113106,110.5486181595057,60.93601104614426,22.928840724334613,52.90480742370493
130,1.4292604602012084,1.4245030266944285,1.4264113428090437,1.478943525560822,2.3845745020168336,1.4188621037392561,133.1404306641398,113.4461131279825,117.7215411777545,120.87677590695304,83.56122073568946,89.91584611363092,19.97196885824835,1.338012598449561,69.01562934988488
131,1.3995971936980784,1.5404114451211375,1.4109845038643403,1.3320434984898533,1.9758401590727448,1.3882969002807504,115.83549736226546,124.2422325513384,108.78574552872857,128.5198524952267,101.6653525171964,101.29077955177334,53.55383993806662,0.2488800775144624,58.270067920163356
132,1.4635963101825658,1.4042466617388154,1.3968901190889578,1.3703487237472898,2.1771039049819243,1.3507263548958865,128.38692540846387,113.41419966572121,132.458484905007,110.24648420150614,106.89487341203198,94.1662289196839,3.5118913430707814,51.783311589416584,62.70639377428478
133,1.3462094665625026,1.4866242187355045,1.418592215276532,1.4328995009942938,2.324813553219635,1.3249241140932475,134.106707802789,119.11631167265222,125.16920858677749,117.4709543473863,105.16881698760523,89.88844763123215,17.362618035985275,21.766932315007494,54.30461717461357
134,1.4057437040489535,1.3785381646108747,1.4112316658171773,1.4256003821288266,2.2578035558255074,1.3621017804614584,122.8855389236655,124.96038751382815,122.92528048002738,119.08155861182512,101.01068010941901,93.87467617873013,14.026502712801053,30.899806502706955,59.06171708493287
135,1.3291041407018362,1.4505790782878427,1.4103551820571498,1.5205210479498055,3.1763400282153316,1.469215722692669,115.61813920955947,120.28035671534,104.39769649583502,133.9508945115601,74.88360643462057,79.72605564893787,10.325623272531711,39.70595467065073,71.66129467566172
136,1.5140451464850628,1.397120295422007,1.3575341737926274,1.4459539484638966,2.4809102860611216,1.42057987072542,116.01851133378473,123.69803298504617,113.01148089518844,133.88855457981055,89.91202550231624,98.08833962979088,12.75901030921494,29.528669983423082,58.762886938160364
137,1.3416776427656805,1.3830222218414334,1.446968934737637,1.4519572273049632,2.2841334985844606,1.374481411302274,118.13211614510084,120.36137374096677,116.47381623884009,130.76705296537517,81.79186046234634,97.93871413084149,26.79174414362469,37.18554299165835,71.73806297685682
139,1.5007739663287716,1.3137593341923246,1.3967445891851535,1.466225397120961,2.144606222902539,1.4061265771115752,120.93737339792146,117.84662590768373,130.86053755979245,114.18618550838337,105.06143387610341,90.58370935211495,26.29708767620774,43.457302794536666,63.40571453319664
140,1.4370284972824756,1.39251984319036,1.3618696522669422,1.3708918495612767,2.2337814670674043,1.4592717001267426,117.05948938543702,119.21897246482375,110.49403930283052,136.55579796722944,88.20836005728866,93.49620461644547,32.886241062627455,20.33720724636113,66.851901846499
141,1.446670230714351,1.4387935768619697,1.3865073009498712,1.4520944737254518,2.1149528359454446,1.44089459771706,121.76552349958908,120.95671156497079,118.43890671281277,124.3815935931493,94.95942762592401,104.8289431362184,44.64409856038608,20.67635098483444,51.177100175506844
142,1.359580285113685,1.4008368737435681,1.3924821005015886,1.4320426383341025,2.5217983365446495,1.4091770156335401,116.11150957191701,116.59564988267236,119.21139588395702,131.2880853442808,78.69668810716604,96.85690203482346,38.21049684124853,35.74337080779048,72.12906291648864
143,1.3314120173532404,1.4087571025175687,1.3912397079673755,1.4551232982543023,2.4333605582217896,1.4848264112612162,130.5190880696375,123.11093067280189,118.49003270910492,132.12723272353566,91.74514534942188,91.12476581028714,26.548353095507245,10.751455248686442,50.52496428178301
144,1.4126300331565935,1.5274858820219657,1.368498332950963,1.4822910080918323,2.3182977886480884,1.3671446010399853,129.03104566575405,118.37467466858051,126.66308504014859,115.21832217005522,98.64044083052929,95.31852251227632,20.753001736569225,32.411858953227785,60.06460725357711
145,1.4661278290739517,1.36181384754144,1.4907804168541257,1.413159836841331,2.348489400773972,1.4659247053628819,112.1399833920612,121.53175861435128,124.07434689811214,122.10298017056746,87.15819664074009,103.56515002788895,2.2291136426590277,7.858470338220499,71.10487529055267
146,1.4060033199833122,1.38642058666861,1.4915157007816107,1.3635826399359252,1.947585292623246,1.3180723720549823,126.85991640153397,115.28172059712358,116.61165087626493,127.76035305803957,104.41119171259942,101.0080992147792,28.392097520066457,49.29129722486087,42.503982759735486
147,1.3113661785161426,1.3828603785410993,1.4368801663144244,1.4467590105835308,2.339587922218382,1.4072884397119119,129.20800550373485,119.91064220249669,123.64768362476839,126.57627089290243,93.14945947510954,94.29802544446844,23.004161137063406,36.522169507700475,53.70298892666758
148,1.4545385757848683,1.3855500176583853,1.4882789113412311,1.374722926393734,2.2035533039017543,1.3761339350620012,114.97773079031693,122.53012151133066,116.60801976375815,122.2615109309796,88.21901561490154,95.97737395202356,15.172626698526141,15.817533094052694,79.51199825204596
149,1.4482382928244002,1.4286817293676888,1.3837107552264905,1.4595164384899304,2.0983561339511407,1.4727653180869387,122.76081642375999,114.58550640409808,124.52989537610962,123.36732086501785,94.43091183340408,100.92168975051665,4.568696606370484,43.815731988078525,57.07117511708013
150,1.4174818879093058,1.4166328529167482,1.473277147929831,1.3711326113007645,2.1248624195593386,1.463548403608157,135.2795659886094,105.52803964558974,135.32504680427093,114.66304697251806,108.96361892485439,90.82921180389874,0.1713756528022761,28.085124136699065,52.020971465923324
151,1.4315959490860781,1.47142931702515,1.4557850205657388,1.3906970124772755,2.1850308900982043,1.4283101874611028,136.59430924271126,112.12952228894143,116.15938557510796,116.69087110190442,93.66220395423433,81.09710448087027,44.131821596961046,20.056480885475217,75.530457689843
152,1.3489606973781412,1.3519008515888589,1.360414899004378,1.39989006546667,2.363392420084008,1.359846896202629,112.73863862081939,119.33405359893908,121.30512405716797,127.51917972172663,82.05676610743731,104.64953712518084,15.745221016898954,32.63591724323556,68.28661432835474
153,1.3417071750002973,1.328497887766785,1.5305577571442093,1.379673207431918,2.4864663412231858,1.4842642517885682,110.6139659531593,120.03696029525251,123.62635617955586,123.2334683862749,80.44810726512965,98.43335962403707,22.09026217458109,31.211009799328554,77.91261887113794
154,1.3776661009119144,1.3732011193541247,1.4044687871606583,1.4028377421937648,2.0365039390845037,1.482339225925032,129.57771014788526,121.77005498803312,120.57812951428656,122.79319979121549,103.83857649028009,97.01473657150605,32.523442195590114,39.91242739847538,49.354022510482054
155,1.3813600562563506,1.3780623989820795,1.4222662961245884,1.4176413651004678,2.385303938846314,1.4045893424091154,130.21648388949845,122.43591900594656,113.35316254349787,112.01231374061057,97.65933062827608,78.31725056662636,17.447562771819022,6.924505577818928,77.63634666705397
156,1.4299854389902609,1.519956346779796,1.4308364950144032,1.4351442287575258,2.1796370113264545,1.4133557897395608,118.44481825175293,122.49943542824165,110.02402608025292,133.6776816515119,90.26234676612968,104.10603206061704,22.80752321017663,10.857839179902088,54.21568517742864
158,1.4221433622846908,1.4051230219710478,1.4018386966796943,1.3602032253847467,2.1579470222621544,1.388422208964649,122.20167708134002,116.05570722951502,123.56002943928527,125.90186738251951,103.39298946195855,95.15657152476352,23.38030338933149,43.30765659840404,49.47652336647035
159,1.4439372961030508,1.4246318382913663,1.3680420030662819,1.382831591933328,2.2206722456170875,1.4156915950535107,121.35655794644771,118.71744907859274,124.21093403515088,122.25669379130706,93.61934118703844,97.97995992425663,4.705748770834748,48.66527111478642,62.92024138091358
160,1.3726715903499838,1.5493435569326546,1.3180305233873721,1.4391347186558887,2.401554611961944,1.473561049105682,115.58418246856732,125.88696048959729,118.63925850655002,131.10424138325837,89.84485905681501,100.05328097031341,17.916152349070124,4.7147592057497185,62.947064521047714
161,1.4671344129991188,1.3980726335079563,1.349830367330137,1.4804986368061557,2.3072946517623802,1.36902742846801,125.2508757817037,120.76791317684177,123.71502731303606,123.61330455093116,91.25954138679961,101.02330242945172,36.31618085326344,7.999603302420599,54.269523066921224
162,1.416846932716066,1.3638433097657185,1.4388970625813302,1.4530749440436705,2.248301929629619,1.4352369142023467,127.15004541897171,127.98916287212647,112.77347471623241,125.38265208185516,98.56342172675238,93.26688863243454,13.226750050820067,8.735013854480624,56.27446028825824
163,1.3111932622283793,1.5606479165230014,1.415066783063804,1.4418941177188351,2.5229900751396306,1.478854519769232,130.7684029560326,123.32661348924293,126.30980736199243,119.95777855954894,101.97737136895422,96.14818320932895,9.143972998261964,12.077911135226177,44.906675281509976
164,1.3775857292354394,1.5217867506398448,1.3547233421817795,1.4416311641469797,2.243569801791895,1.390579128559975,123.72556623575316,121.22141957165593,124.80590825331149,114.01859867083286,104.02044437294597,90.44117409379074,30.49570664955033,32.89785813532629,65.68820671157935
165,1.3467702856912849,1.4293279420610465,1.4093661424189243,1.4132761401464367,2.109112268714463,1.3728176696661116,131.8055583035904,121.34088975734228,115.79872043102215,131.7620437907604,99.66492001607087,98.35877337444707,19.300114003774077,19.567587678519537,45.569963845263636
